,UID,UIN,Name,HW,Quiz,E1,E2,E3,E4
0,ctxqdydbh@school.edu,6278071156,Amwzhvv Hfsnkmtvg,69.375,80.0,52.0,73.0,53.0,59.0
1,zqwlkf@school.edu,6126131600,Bzxymaq Itwpihiat,77.125,74.4,86.0,81.0,86.0,60.0
2,fpvzcjz@school.edu,5769978790,Nzybmx Vwxdgikg,79.875,74.4,99.0,88.0,99.0,72.0
3,foiqtrw@school.edu,2206806491,Sitpqioevb Gbyba,76.375,86.8,96.0,85.0,64.0,57.0
4,gzdxxjj@school.edu,8175161510,Buvbtfe Sefozup,90.75,77.6,60.0,84.0,86.0,98.0
5,ynaiklmtueqiq@school.edu,6530931390,Wekhihdy Rchka,82.125,71.8,84.0,81.0,87.0,92.0
6,enrccocqlyxpl@school.edu,6922488835,Ysnnj Watpltvvne,92.875,72.0,96.0,51.0,68.0,85.0
7,yrxsavq@school.edu,6947911536,Qrdklvyfe Rtiozlzis,78.5,77.6,54.0,97.0,99.0,95.0
8,nyuimtzqdtnyc@school.edu,5423439935,Tvtyaoefjr Yltrqpnbjx,82.375,85.2,73.0,52.0,50.0,97.0
9,zzibaifzmkihs@school.edu,2789928846,Mjciqqukl Bywgq,81.125,82.8,77.0,82.0,67.0,64.0
10,fatlqwdx@school.edu,6686528654,Jomezjpz Xqnwt,74.25,84.2,75.0,85.0,83.0,88.0
11,qupfag@school.edu,1800596685,Lwjjfcwgtb Kizyidv,74.375,74.2,79.0,90.0,58.0,86.0
12,vzkkbsdqjb@school.edu,2166785718,Lgkazbra Uowqkuaxgu,79.375,80.2,85.0,67.0,79.0,99.0
13,mjfeos@school.edu,6169400059,Tzannr Bzomti,73.375,81.0,78.0,50.0,71.0,84.0
14,gztomzqhdtt@school.edu,2720732191,Syhgzaui Ikjyqi,74.875,76.4,91.0,73.0,98.0,69.0
15,lbgfu@school.edu,2815880110,Jpmxvsai Uptsrfradr,81.0,66.0,67.0,50.0,77.0,66.0
16,slrwlale@school.edu,1580817508,Svwyqelv Ovcgtjaw,76.375,84.6,98.0,69.0,52.0,63.0
17,atyuuyf@school.edu,9340058784,Skqhtzg Jhlotyt,71.125,68.2,79.0,80.0,63.0,72.0
18,ndiqtvgdle@school.edu,4588298612,Ehxiicbfen Cpnaadnje,89.875,79.8,59.0,81.0,73.0,68.0
19,yefjeyizmgbmu@school.edu,4325802325,Sfztgwnn Nboubu,77.125,74.4,86.0,60.0,91.0,80.0
20,tdwtjx@school.edu,1563388784,Jblwcpad Qyumce,80.125,78.4,97.0,98.0,77.0,84.0
21,miuwlmwff@school.edu,6470760017,Bkpraahvt Rxifljtee,86.75,77.0,89.0,88.0,93.0,100.0
22,gxobodffig@school.edu,5909802504,Eeonyxkogl Gpgayfeu,77.875,69.4,69.0,60.0,57.0,86.0
23,ofvpeuweffkou@school.edu,3446954943,Pzmqrldfyh Ajqzumuf,85.125,70.8,82.0,51.0,54.0,61.0
24,wosvudf@school.edu,4876862657,Yldzrlqn Jmblqmiims,77.625,71.4,59.0,53.0,71.0,83.0
25,orqem@school.edu,1991684124,Noxdpqycs Iqkxpt,82.875,73.2,73.0,96.0,65.0,80.0
26,fjcsfpznlnq@school.edu,9571781509,Smlkkfd Zdtao,80.125,78.2,67.0,63.0,79.0,100.0
27,kwjzcjajqw@school.edu,7462995973,Noorwsar Xhrzcfmmqb,85.5,76.4,63.0,51.0,75.0,53.0
28,qjpundwgikcp@school.edu,5365613079,Tgqkhhwkto Zqosetwyh,79.875,83.6,68.0,71.0,58.0,79.0
29,kctix@school.edu,1718485091,Xlqqnsowyp Kacsgnyzkt,76.625,81.8,85.0,57.0,88.0,85.0
30,khihkc@school.edu,2676590055,Dqqukdakf Aqqknegg,79.5,77.4,84.0,59.0,81.0,83.0
31,joihlz@school.edu,8227810715,Ixjspuui Pegprucpaj,77.75,73.4,93.0,67.0,57.0,54.0
32,kbopiww@school.edu,6158541032,Tvptswo Hyznwe,85.375,80.6,94.0,74.0,75.0,86.0
33,axjic@school.edu,1391891410,Qgjaos Clanmdslpv,78.75,79.4,74.0,67.0,99.0,64.0
34,gbnzzk@school.edu,8856270558,Pmezgtpj Sfnwx,90.125,84.8,73.0,68.0,52.0,51.0
35,zudiojo@school.edu,8700477732,Rpbrxitpd Venvaq,82.75,79.2,90.0,94.0,90.0,85.0
36,ueggwbgqvonda@school.edu,6706186426,Hypwdysx Nrudccq,81.75,73.4,55.0,72.0,61.0,100.0
37,xvxlpsvlvmz@school.edu,3680656535,Lybytujoae Zkkjbllwgg,74.25,71.4,82.0,81.0,59.0,88.0
38,ebqnzki@school.edu,6999480977,Ahpej Yfrtd,83.125,78.8,75.0,78.0,51.0,71.0
39,kvolwqgseujye@school.edu,9761210244,Qktliuqa Kzmwc,77.75,78.4,84.0,52.0,75.0,59.0
40,qtjeup@school.edu,5504430136,Nqhgrtp Yifvai,84.375,80.8,99.0,70.0,94.0,50.0
41,mcfyytknvk@school.edu,1416823257,Ocflti Bzczostydl,84.375,83.4,68.0,78.0,65.0,92.0
42,qsckorjtim@school.edu,6718505439,Mtcuecisej Hekyvrj,88.375,78.6,88.0,55.0,53.0,74.0
43,ltlshqhmflwev@school.edu,5457310491,Sgnrpgagt Tnftopa,85.625,77.6,78.0,79.0,52.0,96.0
44,xaguikvtwyak@school.edu,6173439713,Urimqprkr Djuisyvbo,85.25,86.6,81.0,84.0,73.0,55.0
45,oymxemtg@school.edu,6542452645,Cqbxshpx Wlxlih,77.875,76.8,79.0,88.0,98.0,68.0
46,anbtbzxnkxkc@school.edu,4753118606,Xtrtpmqyl Amcijkc,81.75,71.4,64.0,91.0,85.0,75.0
47,nhpedeicrhmcs@school.edu,5718190057,Hdagki Dbdkknvo,83.5,74.6,100.0,54.0,95.0,66.0
48,kcwnqrhaksq@school.edu,8286449202,Apizdhdgdn Dlwphfhb,76.75,84.6,50.0,94.0,52.0,90.0
49,xefaqejymj@school.edu,8851148135,Iwidywmkeq Qxrgvk,76.125,83.2,100.0,98.0,99.0,69.0
50,fiqyykdl@school.edu,3146496241,Zspwja Qjdlg,83.875,86.2,67.0,71.0,54.0,51.0
51,sybewxdxry@school.edu,4588981273,Teekn Wpqujx,84.5,76.6,91.0,77.0,87.0,87.0
52,pkzcxzu@school.edu,1809811114,Juapxgpn Rgrptvfniu,79.25,78.2,59.0,67.0,53.0,95.0
53,kushtsddt@school.edu,3513487464,Jdikjlzu Gijfgmwh,67.625,75.8,71.0,97.0,73.0,99.0
54,uuanzokad@school.edu,9312370931,Iuwoal Zqeem,83.75,72.4,66.0,77.0,59.0,89.0
55,rbnvatnnjz@school.edu,1975917381,Geqltuu Vcyykf,85.5,80.2,58.0,86.0,69.0,78.0
56,esgbam@school.edu,4806493450,Gwnrr Jvvnpd,90.375,80.4,50.0,67.0,58.0,82.0
57,hengfyk@school.edu,3495072998,Uipokxndi Ehkifn,74.375,83.6,54.0,90.0,73.0,97.0
58,rlntqyxkcub@school.edu,7613103589,Detrxu Vcemasvq,83.625,84.0,88.0,88.0,55.0,71.0
59,jewcgxxlds@school.edu,1923646604,Azghbjb Butnimrzc,88.5,79.0,88.0,82.0,61.0,75.0
60,txfaxebqvdgd@school.edu,2331749283,Dyzwdluh Ogsehqzvs,83.375,77.4,98.0,89.0,95.0,76.0
61,fivmbsamzcrw@school.edu,8526973014,Atrxi Mptwwxds,71.75,93.4,80.0,57.0,100.0,91.0
62,ncztib@school.edu,2155157340,Drpjedooc Vpcjeumd,85.125,74.6,99.0,65.0,91.0,97.0
63,eeneeauidgeue@school.edu,6887372093,Zlobblc Fcdcdx,79.125,76.4,65.0,98.0,82.0,83.0
64,ddvktv@school.edu,6879789863,Hrybomrb Fwoqvn,82.5,79.0,63.0,86.0,55.0,74.0
65,yehkp@school.edu,1733822522,Mejrepdgp Tocmcybqsn,75.375,82.2,74.0,93.0,100.0,77.0
66,zsvjfe@school.edu,4089577474,Blyexturg Gkwkmqub,79.375,81.6,93.0,78.0,90.0,74.0
67,bucmxbkuo@school.edu,8730534982,Jajyjkp Fybuzhhm,74.25,87.0,60.0,68.0,90.0,64.0
68,rsbakmwxaygjj@school.edu,1925504699,Eyrkaqj Phaswdps,80.5,69.2,73.0,60.0,57.0,91.0
69,cuyjkpgjlagzy@school.edu,1357993845,Ainperig Odwndmxyk,73.5,75.8,52.0,78.0,66.0,58.0
70,mvsfmgbzq@school.edu,5305859272,Miaex Tnzht,84.875,74.4,81.0,68.0,80.0,78.0
71,vxhevel@school.edu,5713992406,Kpkarm Gdadnrwl,88.125,81.4,78.0,75.0,99.0,91.0
72,iecisqcfv@school.edu,1654605015,Luteg Byakgihpsu,84.875,86.2,100.0,66.0,91.0,79.0
73,ycmrqu@school.edu,5383868385,Trepufru Znmwmjcqu,81.0,74.8,54.0,95.0,88.0,74.0
74,qdlgghonnywfb@school.edu,9359602634,Acsbmxs Nmmio,72.375,83.8,60.0,64.0,79.0,95.0
75,filtilt@school.edu,7111164818,Aqpwbxj Eqqdg,85.0,74.4,75.0,62.0,91.0,100.0
76,gunwpjwdyhy@school.edu,3645588217,Ksoighgkoe Wowjgje,86.0,81.8,71.0,77.0,56.0,87.0
77,iyvpf@school.edu,3109341325,Bcurowvhdt Idgejxolts,83.625,70.6,90.0,55.0,78.0,92.0
78,qgkyltfbwn@school.edu,9436053942,Sftuefch Zheli,89.5,77.4,58.0,66.0,98.0,51.0
79,bxzqdfagsvkvx@school.edu,1319175165,Klttilcos Uparzoto,70.0,75.2,76.0,69.0,79.0,52.0
80,nanalqzdbuikf@school.edu,5778283567,Zaskrpd Wvyffik,77.0,86.0,80.0,76.0,100.0,63.0
81,farjvzjo@school.edu,9199241808,Spwgis Dnebtjvv,87.75,91.0,52.0,88.0,88.0,84.0
82,ndyxjvinz@school.edu,2350427247,Qayzr Umjkvobt,77.25,65.6,97.0,96.0,90.0,59.0
83,aolhzzzyej@school.edu,3999091309,Fzlpgtwnae Iuyiztn,85.0,71.2,52.0,99.0,54.0,54.0
84,qtnnxzhb@school.edu,4447959340,Vlgxfzhw Azdacqwy,75.375,73.8,89.0,58.0,66.0,86.0
85,ugtynssr@school.edu,3533404338,Unkvd Wklhreycvv,87.375,73.0,82.0,73.0,53.0,87.0
86,syxcxxnqzpc@school.edu,5071169070,Egcos Oqitbxm,74.5,84.0,55.0,91.0,62.0,51.0
87,dvtsknvkw@school.edu,7721483740,Nhbsp Dgszg,78.375,84.8,86.0,89.0,50.0,66.0
88,lmflptbpeyx@school.edu,9917919599,Xkmqrmajco Aekrltlrwi,88.25,73.0,90.0,68.0,90.0,72.0
89,aqedjqzbmfbxr@school.edu,5620980513,Vtofduhwe Mozyh,81.0,75.6,95.0,77.0,77.0,83.0
90,fjhggllieo@school.edu,8707937116,Qnwnx Vsxbxwy,83.75,74.6,51.0,75.0,99.0,97.0
91,tdyxnkfctsm@school.edu,3011308176,Trotd Uozmlilwe,88.0,73.6,97.0,68.0,100.0,59.0
92,ojepdegnadc@school.edu,8724969887,Nlvkc Vrxebowh,77.75,67.6,61.0,61.0,50.0,50.0
93,ozkgnthagifd@school.edu,6882890198,Mgupxee Xutmz,77.25,69.8,73.0,68.0,99.0,77.0
94,ntkovbik@school.edu,5363421992,Mepkhiabh Bycsa,80.75,90.4,100.0,87.0,79.0,78.0
95,lefopep@school.edu,6041877725,Abyijegnjm Bnhogaxby,92.0,77.2,51.0,96.0,51.0,64.0
96,zjevufsyv@school.edu,5320792423,Lqsvqkae Aagonsqj,80.75,75.0,63.0,71.0,95.0,98.0
97,rmzvfdqc@school.edu,2367577876,Zytzzz Bzaxqw,74.875,83.2,89.0,84.0,86.0,99.0
98,glmawo@school.edu,5176254810,Faypt Utcewdmv,81.875,82.8,92.0,88.0,68.0,93.0
99,mfwuaorshy@school.edu,8776893713,Zjsfy Bgkurczuqj,82.25,80.4,71.0,94.0,92.0,59.0
100,qdhepepcaayi@school.edu,4547295787,Nfjgqfqsfz Mwajkkotma,80.75,67.8,93.0,59.0,94.0,68.0
101,gylrht@school.edu,4805654887,Nzrmlmydal Djegnkxgmd,75.0,74.0,74.0,79.0,67.0,75.0
102,eqiezserhuflk@school.edu,1280581755,Astdguuur Smpnvl,80.125,80.0,71.0,52.0,51.0,77.0
103,vktowtqjrejyy@school.edu,1300481497,Numwacupfa Fiwxjz,72.75,78.2,77.0,66.0,61.0,92.0
104,qockdaepya@school.edu,8084929465,Lzhetcv Ucoqthmfa,73.25,74.4,96.0,90.0,92.0,69.0
105,gqaelhoneev@school.edu,4898102293,Zoxpaxjbde Dlhqub,82.625,78.2,56.0,61.0,70.0,91.0
106,eyyir@school.edu,3019320878,Kvhonqn Knrff,78.0,77.4,80.0,55.0,59.0,85.0
107,cssebvsvdzmxs@school.edu,2770891948,Ogqbyvdrds Uwotru,79.75,81.6,95.0,71.0,57.0,91.0
108,boplid@school.edu,1760148616,Yforasux Klfvza,81.125,80.8,77.0,94.0,97.0,82.0
109,luecdjeomw@school.edu,6658688894,Ezqduegtw Mkkuas,74.25,86.8,66.0,96.0,87.0,66.0
110,qynfryihrutdg@school.edu,4615152775,Jhcso Yckrwc,79.875,74.4,86.0,94.0,53.0,76.0
111,ncbfl@school.edu,3180913237,Syrlf Yytuqgf,71.625,79.6,94.0,69.0,93.0,65.0
112,qvcopqk@school.edu,7633106416,Ftuujny Fsudfpggjk,85.625,66.2,59.0,72.0,99.0,52.0
113,dtkuetvs@school.edu,2218728864,Fbxfix Txjut,78.375,86.2,81.0,90.0,75.0,60.0
114,xcffbrqnu@school.edu,9908325406,Uufdotqlyz Efohbrtxh,83.75,85.4,80.0,76.0,77.0,70.0
115,ierurjczyulg@school.edu,4784887422,Druxmwdamc Xjlmjnvb,81.625,73.8,56.0,70.0,51.0,93.0
116,qkkrvoyzbui@school.edu,6947336674,Yvorivep Yffua,75.875,76.4,75.0,67.0,72.0,89.0
117,lgolbsc@school.edu,1429661870,Roxzehgydv Asaqsa,85.5,85.0,62.0,93.0,79.0,89.0
118,zzughrqn@school.edu,3211305037,Skbxe Gpulvmyrz,76.75,88.2,90.0,90.0,100.0,79.0
119,gomxj@school.edu,3723076187,Zepohxz Uypotde,85.125,70.6,62.0,63.0,97.0,62.0
120,mdsslmvaihx@school.edu,3795993460,Joxivvft Fvdfurmc,83.25,86.8,70.0,94.0,72.0,86.0
121,evexcxvsh@school.edu,6669633220,Vinfua Yqzvo,69.25,76.8,95.0,92.0,62.0,70.0
122,zlkykdjmwzzx@school.edu,9536648218,Kgkodeova Kykngto,86.125,75.8,56.0,89.0,84.0,91.0
123,sgiqbxhm@school.edu,3800600807,Feeiq Dkyzty,86.125,80.8,85.0,82.0,80.0,90.0
124,jokngypargc@school.edu,1507825370,Icqihh Jeljhgzhr,72.0,75.8,100.0,61.0,79.0,91.0
125,rvhwjxc@school.edu,3635443040,Hbaji Qasdanbq,81.875,62.0,87.0,54.0,57.0,99.0
126,nvucfxp@school.edu,4494386748,Yoogkynl Simafe,64.125,72.4,87.0,63.0,81.0,66.0
127,ynettaz@school.edu,7463088092,Bevpottfzv Ejplmapki,79.0,79.8,81.0,60.0,100.0,80.0
128,zdxpx@school.edu,6723888551,Gslhmsu Pobrikdr,85.875,66.0,59.0,56.0,79.0,64.0
129,dqzlx@school.edu,5188341778,Xvbjawrxla Ufjbxxc,74.625,69.8,68.0,88.0,55.0,91.0
130,mbdyptlhksfq@school.edu,5909608393,Clnldfd Wzsxpvgzv,78.625,78.8,98.0,81.0,98.0,57.0
131,tpsria@school.edu,1451931248,Fjhquze Lnabjefjp,78.25,65.4,53.0,70.0,98.0,80.0
132,arcyr@school.edu,8325245100,Lssfeqpqqf Hsizxtl,77.125,85.0,88.0,81.0,82.0,82.0
133,aiibbndaowg@school.edu,1771079312,Wtcggehf Qxvclz,88.125,67.0,51.0,79.0,84.0,67.0
134,bhbokaxibpo@school.edu,9474729374,Vzfrtzx Crcxus,89.375,78.2,60.0,73.0,62.0,67.0
135,ldyiv@school.edu,6358441354,Sjrzgxtycz Ybazuhwnmt,84.375,72.4,100.0,97.0,67.0,55.0
136,olerlh@school.edu,8509651030,Sntfiz Tadqxtns,68.125,71.0,97.0,55.0,85.0,57.0
137,jevoruyz@school.edu,1201926398,Kgtbkc Wrgivpd,87.625,78.8,65.0,71.0,55.0,61.0
138,zceorhxu@school.edu,8042890882,Kbeljfehr Etnphjwp,78.125,79.4,64.0,60.0,100.0,81.0
139,jrfdrctpxetr@school.edu,5377163199,Kurjqdh Snwxbd,77.375,67.6,58.0,94.0,93.0,78.0
140,auagoiszoj@school.edu,3026974696,Zxzjpanbm Ozdpdfzvf,82.875,78.8,69.0,67.0,93.0,54.0
141,qkmsgil@school.edu,3101634737,Zqeovpmtg Ujsdsmsl,79.625,82.0,93.0,69.0,90.0,87.0
142,ehngvcg@school.edu,1489983878,Xoydu Lccprmji,72.25,87.2,55.0,66.0,78.0,71.0
143,bqbrbhgbwkrne@school.edu,3436714215,Xunrcftam Kuiaywpegm,72.75,77.0,92.0,77.0,77.0,61.0
144,gyxvm@school.edu,7111529440,Whgefhu Ozbkwy,85.375,69.6,63.0,59.0,91.0,75.0
145,ezmvgbmz@school.edu,3325011498,Eisatjk Uqfqxnfti,71.375,87.2,83.0,61.0,90.0,72.0
146,wifibiaakwyty@school.edu,3514267308,Wzszksdml Znzckqodvn,70.125,78.4,91.0,53.0,85.0,85.0
147,aicarkbbw@school.edu,3963537127,Jqirhfn Rxnxh,80.875,72.8,60.0,64.0,59.0,68.0
148,lhseucnsk@school.edu,1955632338,Jzepgvbji Otazzgew,78.875,76.2,94.0,69.0,55.0,59.0
149,dnmbaooal@school.edu,5028812355,Zafzbynay Tlmmsd,75.375,93.4,69.0,96.0,88.0,74.0
150,lnkkoyxilu@school.edu,3752044558,Pzsmvyxlg Jtyvqllu,82.25,75.0,58.0,89.0,90.0,88.0
151,ujsfdlbvkv@school.edu,8111513143,Gfyyjdo Fcsedwndcn,88.5,78.0,93.0,84.0,85.0,69.0
152,dkdpp@school.edu,7175443711,Wvltun Uwqlr,79.125,77.0,95.0,70.0,93.0,81.0
153,udpvpwflbf@school.edu,3485281165,Dfnnlse Fxjfa,87.375,90.4,51.0,59.0,98.0,84.0
154,ytmagfvsgrdoi@school.edu,1081596471,Fwkcl Meytw,81.625,86.6,75.0,97.0,93.0,97.0
155,sukgl@school.edu,1245444037,Rrplolmd Czsape,80.0,70.4,97.0,58.0,85.0,56.0
156,wvcbtvats@school.edu,6084097961,Vccfdgww Hojznxx,77.875,70.4,67.0,84.0,78.0,66.0
157,kuonnwa@school.edu,3113536912,Mihykix Nmgimuolgj,80.375,79.4,55.0,61.0,100.0,55.0
158,gqkdecq@school.edu,1875895732,Koqaewu Dwodohmw,69.625,84.4,72.0,71.0,100.0,87.0
159,wyjyjblvlngdg@school.edu,5994000187,Qtsozfml Dbgkpjox,84.125,87.6,68.0,97.0,61.0,52.0
160,gyjchxywijyah@school.edu,9151370651,Qjpyk Btvojqoyl,82.5,75.0,69.0,69.0,70.0,88.0
161,tismk@school.edu,6856512468,Semjqw Kigex,76.5,89.8,61.0,54.0,72.0,96.0
162,rnvlgcky@school.edu,3092419504,Upmublgvp Rvnrfov,77.125,81.0,98.0,59.0,67.0,66.0
163,csxrgxvnjrabw@school.edu,8701318347,Rdivhji Lpykwvjuju,86.0,76.6,57.0,100.0,86.0,79.0
164,bjkykpnuunw@school.edu,5106227812,Djdubtesq Inbhftyddt,78.75,84.0,94.0,98.0,100.0,73.0
165,upqvmwgezsicv@school.edu,2888463812,Gscrvkoc Wreltkstu,77.125,87.2,52.0,70.0,63.0,100.0
166,mwasuuvyrt@school.edu,3260339241,Huahruk Zelqs,87.5,77.6,67.0,50.0,99.0,86.0
167,qxrug@school.edu,4626402864,Tvsvmkkjwv Mxibd,70.25,61.2,67.0,78.0,82.0,71.0
168,sxprtva@school.edu,5011571412,Qkgfxhhnkw Ablnnkpuy,72.25,76.2,56.0,97.0,70.0,56.0
169,pvrzelrki@school.edu,6930936089,Krqdg Wwsaqal,78.375,83.2,62.0,95.0,77.0,79.0
170,fukxyuyxshyk@school.edu,8532114058,Vdnuhmamxy Boqmhbcejy,75.75,78.6,89.0,52.0,59.0,82.0
171,vqnrrm@school.edu,5561803009,Pkwxrodisr Prfkywk,73.875,84.4,61.0,50.0,64.0,62.0
172,pvybbz@school.edu,4722133718,Zstap Pryfhykkp,75.75,81.8,100.0,92.0,99.0,100.0
173,kbckjow@school.edu,3474102158,Lgleweoyu Xpyir,75.5,80.8,63.0,78.0,95.0,72.0
174,wwsghkatcsw@school.edu,4867280283,Lvllzyew Urbmcry,80.625,80.6,74.0,64.0,63.0,92.0
175,abrxqmm@school.edu,5326966183,Extcro Fxvhwk,84.5,69.8,95.0,84.0,87.0,67.0
176,ziocfjqx@school.edu,6945976599,Lqqccm Cmsppx,78.625,82.0,61.0,79.0,66.0,78.0
177,edvnesgv@school.edu,7855205258,Mrjdx Mraioubb,78.25,80.0,58.0,64.0,94.0,74.0
178,wudxxvypbqxx@school.edu,9003867840,Cabmpjgo Ksqtakbx,78.5,81.4,92.0,78.0,64.0,71.0
179,ptvnbx@school.edu,4497866582,Slytffoed Ounxadiyub,76.375,91.2,82.0,93.0,91.0,74.0
180,osgde@school.edu,7748248844,Bcnvdjphyl Ptsqkjt,84.875,68.6,100.0,83.0,85.0,85.0
181,nehowtxtgug@school.edu,9698728975,Jbxphi Xwyapt,78.125,66.6,90.0,62.0,56.0,79.0
182,woijfnok@school.edu,9671113753,Dzcptnnles Nrckjq,84.125,60.4,85.0,97.0,80.0,67.0
183,evqfq@school.edu,4003480575,Xvmcj Bqaugn,84.75,82.2,76.0,84.0,98.0,89.0
184,edevibsyhfvcf@school.edu,9003167708,Niccp Qvcxojlrc,67.25,80.8,84.0,51.0,61.0,91.0
185,bbamiwhqdfgy@school.edu,1938487310,Tomvulpqew Vrzocqeloy,75.125,72.2,59.0,98.0,87.0,75.0
186,yssox@school.edu,5338658206,Zsnfgbcxhe Ahxmkngaqf,79.125,91.4,59.0,55.0,65.0,74.0
187,wecimc@school.edu,5666678255,Fjmsofcbh Xkfsy,67.875,73.0,52.0,71.0,57.0,82.0
188,aassosvjyjnnz@school.edu,7739527497,Sonaaib Supbhm,81.25,77.8,83.0,89.0,79.0,93.0
189,ruuqztm@school.edu,5514415222,Awnvmjgzwd Mpinhyjhfa,85.75,85.4,57.0,57.0,73.0,81.0
190,hjqymvxk@school.edu,2514090629,Nrhfkg Svchqsyyj,83.375,78.6,96.0,85.0,73.0,94.0
191,ggmrvuqwijy@school.edu,2645806958,Ruuizcqb Xbwpsf,82.75,86.6,55.0,75.0,62.0,94.0
192,jxufnn@school.edu,1039539394,Ahpxni Jrhlrbpcqg,78.375,86.8,63.0,51.0,89.0,66.0
193,bzwhvwvg@school.edu,4208940015,Edxzvnrgra Ljoulpoou,78.125,77.4,93.0,67.0,59.0,88.0
194,ephab@school.edu,3993421577,Qjyea Wsxwskho,77.875,81.4,81.0,62.0,83.0,51.0
195,axtobabnbs@school.edu,9925165176,Iqnww Pskipwmhwm,72.375,87.6,51.0,81.0,87.0,92.0
196,kirqmiedvqqwg@school.edu,3376678703,Objbflexm Ozctparqim,73.875,74.6,73.0,64.0,95.0,86.0
197,hizbppzvcmpb@school.edu,9072935042,Rkfdzpxxx Ryvfck,79.25,86.2,72.0,89.0,73.0,50.0
198,eflrlxcmsq@school.edu,5116044855,Lomqmr Kwkkrgowpd,85.125,87.2,56.0,84.0,67.0,73.0
199,dlnxljqdymrzp@school.edu,1570615496,Zvoyrdsssq Xieieqow,85.625,79.2,61.0,97.0,59.0,61.0
200,zqrbpk@school.edu,3973566964,Uxugqomexr Snnrnwpg,87.5,69.6,94.0,76.0,63.0,76.0
201,osutq@school.edu,1847988281,Jzjszgwaj Nepkrdl,75.0,90.8,58.0,90.0,68.0,88.0
202,mcjiuytcd@school.edu,2407726067,Fyxueqvjqt Cygzlcalzz,84.625,74.6,74.0,80.0,92.0,66.0
203,pauavk@school.edu,1478695622,Mesjr Hsvdabtyz,81.25,74.0,53.0,67.0,58.0,98.0
204,dtconpef@school.edu,3755603229,Yzqka Pxdzc,65.375,80.2,52.0,95.0,65.0,51.0
205,rmerohy@school.edu,8822231334,Fbxncvnv Olpabyhqt,71.375,85.4,57.0,87.0,86.0,87.0
206,rbwllntyw@school.edu,6899091323,Pznloganj Rzovcxyp,80.125,79.2,58.0,56.0,89.0,56.0
207,dqtefbabyzqur@school.edu,1816784024,Iyxmjdzw Vprctavvbo,79.75,74.6,86.0,66.0,70.0,77.0
208,uvtxkdpgila@school.edu,3068193650,Xnoswvtww Gxfuwbrq,71.75,85.4,51.0,98.0,99.0,81.0
209,wswgonik@school.edu,3673408512,Luprd Siijxfxm,76.5,76.0,61.0,96.0,91.0,77.0
210,fyqimnc@school.edu,9957436379,Modesgeikw Ehslsxbrm,78.625,83.0,85.0,64.0,55.0,67.0
211,drjti@school.edu,4669779826,Gdqfapenvb Zopioceopv,69.875,83.0,71.0,94.0,90.0,59.0
212,upzmngzwfrbye@school.edu,4057215078,Zbinapjbxb Rsoblqmea,82.375,67.4,57.0,87.0,81.0,63.0
213,shlxadovna@school.edu,7956316688,Fzuvisg Pjimnd,70.5,79.8,75.0,67.0,65.0,65.0
214,afebvht@school.edu,8270763829,Oznuv Shamzbzdz,75.0,70.2,52.0,91.0,80.0,50.0
215,gkzzouoaikerf@school.edu,4758475498,Owxmpsb Nwqtc,81.5,79.8,83.0,95.0,58.0,52.0
216,gxybkahjo@school.edu,6414639555,Gpyyraovu Zjoqhrig,78.125,78.8,57.0,80.0,51.0,85.0
217,ockemvduzsgjy@school.edu,5946036154,Yxmupuq Zyyns,90.75,82.4,50.0,56.0,61.0,51.0
218,mcgotkovjosmh@school.edu,1274030699,Enjnf Axbnpufjzm,81.875,85.4,60.0,57.0,90.0,100.0
219,uizgcvcbgnjw@school.edu,8975553717,Rscstwidu Kmyevuqlw,85.0,71.6,62.0,94.0,71.0,89.0
220,qxrpgepgyvdr@school.edu,7081799272,Xhoooish Hmdvjm,72.0,85.6,50.0,91.0,70.0,65.0
221,sbjbdyzjlhfy@school.edu,3460263208,Zaqeykes Redaffyj,74.75,80.8,54.0,65.0,62.0,53.0
222,jegarpemvkq@school.edu,2086302729,Cbsfcvjmca Zditg,77.125,81.0,97.0,65.0,86.0,61.0
223,gsimcitwsdikv@school.edu,9785629593,Czkohjxsd Yryhccdgme,82.5,89.2,92.0,86.0,79.0,62.0
224,pmtyixgpommw@school.edu,3337423813,Blbmdmyrt Ueuuekr,78.125,73.4,82.0,61.0,76.0,82.0
225,fnsqqpq@school.edu,2776007265,Qgxbttm Qwaqq,82.875,83.4,59.0,86.0,89.0,86.0
226,kywktuoit@school.edu,1140109722,Wpxrumnb Jlroljsnm,88.25,87.8,71.0,71.0,73.0,97.0
227,cfpxszghu@school.edu,9605847435,Jmsifwzqnj Toizmi,75.25,85.2,57.0,97.0,53.0,52.0
228,cxjtvzvpvhn@school.edu,7517200061,Yuerfnqtm Acipqlunm,88.625,85.0,87.0,61.0,82.0,83.0
229,grkdhvapexgs@school.edu,8692708171,Kjvdxj Wrgmfpbs,78.0,74.2,51.0,73.0,73.0,89.0
230,kbzpmogymhoq@school.edu,3932308099,Dmyejl Hxsdfhkrhb,86.375,73.2,55.0,78.0,65.0,55.0
231,ccatbijfmy@school.edu,4705653589,Mduzs Rhcayoyugb,75.5,71.0,69.0,74.0,83.0,95.0
232,aiphkijc@school.edu,3105160513,Rxtvins Dtesm,84.25,76.2,80.0,70.0,57.0,89.0
233,tgiepxpwg@school.edu,1441331476,Gekkqe Rnjzdoa,76.875,76.4,71.0,51.0,55.0,89.0
234,xyecbmbg@school.edu,9486058581,Wyxailysva Fzfwqynddp,76.125,82.2,74.0,84.0,76.0,87.0
235,hyavu@school.edu,9615792820,Rdlrte Veigtc,87.625,80.8,79.0,62.0,61.0,56.0
236,adgzmrwigtups@school.edu,7500997562,Ahhbohvmtu Ojxxn,77.75,75.4,84.0,71.0,61.0,57.0
237,bnbbzmp@school.edu,7586135659,Uidmazr Ilrcybj,79.75,86.8,68.0,77.0,78.0,64.0
238,qqzxqocgemv@school.edu,1922185759,Ovbzzk Idfhq,78.75,74.6,72.0,50.0,65.0,64.0
239,csdbxf@school.edu,1622983839,Cwulm Tarbnj,89.375,80.6,91.0,54.0,77.0,93.0
240,uumlmoumwmebr@school.edu,5129104612,Ffzkxovenq Azgjlxaavs,74.5,90.4,58.0,77.0,73.0,80.0
241,qwbgsgaddmaf@school.edu,4092052779,Qlmxbixa Ltxggwdr,80.5,84.6,64.0,89.0,67.0,69.0
242,ymecrbtud@school.edu,4691590872,Mppgltqe Tgtoneapp,78.0,80.2,63.0,79.0,90.0,97.0
243,zvkoghs@school.edu,2847661292,Acyxbyq Sipkohucz,78.25,77.8,92.0,98.0,99.0,66.0
244,ffcqnvmmjdakv@school.edu,1236095766,Nmtjc Luzceb,83.25,75.2,94.0,82.0,99.0,60.0
245,ndxde@school.edu,1803159941,Foggksio Xawvuvymj,84.0,77.2,65.0,57.0,97.0,58.0
246,jarechjiqhv@school.edu,2584124840,Nlpdgrzih Sgckz,75.875,69.6,54.0,86.0,94.0,80.0
247,phwqnbcc@school.edu,4482068504,Ysxdjzawm Rwqrdvbnmp,71.875,70.6,78.0,80.0,70.0,68.0
248,wlhlg@school.edu,2164213951,Oekjlxxsi Gyffgon,81.75,91.2,86.0,86.0,55.0,68.0
249,ocayf@school.edu,5163800788,Zqlpbd Hvruba,85.125,82.2,82.0,78.0,66.0,69.0
250,tfepdpw@school.edu,7563948088,Ctglxtxqm Tgenmndxv,77.75,75.6,54.0,50.0,99.0,56.0
251,dybqpddihdxjh@school.edu,1058702021,Acbpe Zenwwoyk,74.375,84.6,80.0,69.0,72.0,72.0
252,johwynwl@school.edu,7001827588,Ojqpiuz Ytizxslx,78.0,82.0,95.0,80.0,88.0,64.0
253,bltnlbdjmzjr@school.edu,8921733891,Ubyafhn Wbgphx,83.625,83.2,69.0,93.0,60.0,72.0
254,dentrr@school.edu,9184375449,Qwrazxo Xaswfhpyji,80.5,79.0,54.0,96.0,71.0,77.0
255,mfsgz@school.edu,4285973397,Ekhhxcb Nmacx,78.5,75.6,55.0,50.0,66.0,75.0
256,mwtvybsxfitl@school.edu,9236006156,Uwkcbu Qxztplr,69.5,81.4,58.0,77.0,86.0,90.0
257,rkbfc@school.edu,4247773339,Wtlmwttge Rgtkshl,81.625,79.4,98.0,75.0,62.0,50.0
258,jwwwwpy@school.edu,7449928772,Yqnbtjc Tzmjk,86.75,74.6,78.0,100.0,74.0,83.0
259,vxfognuurbssp@school.edu,1271458515,Qomdghsxk Kbbeydfde,70.125,75.4,89.0,87.0,83.0,71.0
260,indboao@school.edu,6272142821,Rwzpfhmo Nckaah,68.375,89.0,80.0,57.0,79.0,79.0
261,wtwzr@school.edu,6453147746,Qpolkerui Pwqsoptw,79.875,73.8,89.0,56.0,63.0,86.0
262,hbvcmx@school.edu,8043458650,Btcoz Pflfc,71.75,82.4,78.0,71.0,70.0,56.0
263,eojyuwum@school.edu,6080208657,Ymxbueda Ysgrkig,81.5,84.4,100.0,92.0,89.0,53.0
264,jloyzqevs@school.edu,2758163455,Kjdbdyi Vamjmtucim,75.25,84.6,58.0,97.0,98.0,87.0
265,mrxjtctfywm@school.edu,1448352587,Lsaiopmpsx Gfxvtycac,75.5,77.4,53.0,56.0,92.0,57.0
266,hqogeyrlom@school.edu,3065767486,Ttanfbwgef Dqiyiz,80.0,76.2,96.0,82.0,50.0,66.0
267,psarh@school.edu,3774821269,Rwtzmmlpk Oxtsawe,79.375,81.0,75.0,94.0,71.0,94.0
268,ghiffvckofj@school.edu,2502939050,Bxueox Astxsokbxx,73.625,70.6,77.0,85.0,86.0,99.0
269,usgbdsjcoodoc@school.edu,1516243958,Animbuk Dbngegngcp,82.25,75.6,64.0,99.0,87.0,69.0
270,urtuuzmwnslai@school.edu,8288304373,Irkvecpiqw Efbtdwefl,78.875,81.4,91.0,51.0,64.0,52.0
271,vdwextewxbero@school.edu,6528622386,Yyhpvezisv Msddhqw,81.375,77.2,67.0,84.0,68.0,85.0
272,tkkxrhtzds@school.edu,1439079821,Ireneta Bjktvc,78.75,79.8,95.0,89.0,59.0,90.0
273,dvgkpvutb@school.edu,9036513862,Ywuunlzyp Sbluh,79.0,83.2,96.0,58.0,72.0,64.0
274,gvhyomredduig@school.edu,1608641390,Nibwodx Vileflanu,80.625,84.8,96.0,62.0,58.0,86.0
275,orsyywvpv@school.edu,3191595283,Onslh Xqpltcj,87.125,84.2,98.0,88.0,97.0,70.0
276,ivnfqraieom@school.edu,4045790475,Bopbxs Sldwmgl,81.125,80.6,61.0,77.0,57.0,72.0
277,kxkiwudzs@school.edu,8621742228,Dexzbydc Qekbn,84.75,85.6,74.0,50.0,65.0,76.0
278,vqpufmr@school.edu,8208647133,Isgch Drhjofsyr,77.5,74.0,61.0,70.0,68.0,67.0
279,ljorvbuuf@school.edu,4618405034,Oovaazr Kfsnxtglb,81.25,94.0,73.0,51.0,81.0,91.0
280,xxtfkbksiea@school.edu,6050610870,Ezzmtggcnc Rjzmlb,76.0,84.0,75.0,89.0,64.0,60.0
281,hiwveswdcs@school.edu,3508480642,Mcygpvqihc Nlosrvovuu,81.375,85.8,64.0,58.0,95.0,72.0
282,teiqv@school.edu,4721917700,Gzgmpzuwr Lutpo,68.125,71.6,73.0,99.0,73.0,97.0
283,fifphuwgqd@school.edu,4080635665,Hvjybcgxcj Ivzmx,85.0,72.2,93.0,68.0,63.0,84.0
284,pdhnrgy@school.edu,3775234680,Fjpcjwuvcq Wehlt,75.875,88.2,84.0,96.0,80.0,67.0
285,zfclmapswpwgj@school.edu,2206188491,Hncbh Tmeruiodpl,84.25,86.0,100.0,63.0,59.0,58.0
286,ybxrstowdzh@school.edu,5854699202,Eeonkvxlij Kynuvhsugq,82.625,87.8,59.0,78.0,85.0,87.0
287,urvojmscf@school.edu,4710013365,Ysyprwwd Othjuiswij,74.875,68.0,77.0,68.0,73.0,92.0
288,fbroduisx@school.edu,3415155056,Vxsxe Covpnl,76.875,70.4,80.0,63.0,53.0,71.0
289,yyrqru@school.edu,7603548282,Tlypdbspzd Zsbkecvb,78.875,68.0,64.0,99.0,68.0,61.0
290,kcfjidcleax@school.edu,3711729540,Umrcawxck Xoeuc,79.0,75.4,93.0,86.0,62.0,100.0
291,cznmkylyjp@school.edu,3302505259,Ocwyluak Emikpoadfu,85.625,89.2,94.0,83.0,74.0,100.0
292,zdlutvfs@school.edu,8033419451,Uqymrau Rupoa,67.75,73.4,66.0,82.0,50.0,82.0
293,qoiogv@school.edu,8711804748,Fsurhydmk Nwldx,71.875,76.2,98.0,94.0,70.0,86.0
294,bgrdswotlkhq@school.edu,5201854753,Tvktrwrpb Geksp,76.125,83.0,92.0,67.0,93.0,59.0
295,ykyllwwwhrs@school.edu,1542839275,Etjus Rysmzbvcnw,80.0,82.0,52.0,56.0,91.0,61.0
296,qelarwco@school.edu,6128275489,Bgdugqdv Fbnodgxld,78.375,75.0,58.0,72.0,85.0,98.0
297,vysulneamuuh@school.edu,2477152185,Asgfh Ybmjjjq,84.0,77.2,64.0,69.0,65.0,51.0
298,cdgzkgjzjdh@school.edu,2742055448,Kypsb Rinqj,77.625,83.4,68.0,77.0,87.0,73.0
299,kdrswtdea@school.edu,4860551830,Svwtftsxpl Pltdiaby,79.875,78.8,51.0,51.0,59.0,82.0
300,qsudpaaf@school.edu,8927184021,Urtayj Rrtbdyyan,79.625,76.0,65.0,57.0,86.0,86.0
301,bscwdhbqz@school.edu,5967321633,Yvnozm Dcbruzkky,88.125,76.8,63.0,52.0,76.0,70.0
302,stcndeclb@school.edu,8973808019,Pvoxrhct Ocrnp,85.375,84.8,64.0,75.0,89.0,73.0
303,ydrrjmlebc@school.edu,6452763172,Zykbqrnrc Yjmwjhqsj,69.625,69.2,54.0,57.0,63.0,99.0
304,xildnkmdtouhh@school.edu,9191014162,Dvxks Kgubixzqtl,82.375,79.8,62.0,52.0,60.0,86.0
305,qxvaax@school.edu,8770463567,Juklen Tbhyycxj,85.25,77.2,65.0,99.0,86.0,81.0
306,wrtvofomtd@school.edu,2797880739,Qhbhyqortp Ijhhaac,90.25,82.2,99.0,78.0,54.0,50.0
307,ijqgctzps@school.edu,7660636742,Amupf Iuzdd,90.625,72.4,90.0,63.0,88.0,82.0
308,zzzjhwtx@school.edu,3727031896,Oaelmh Mspfsrrb,80.875,90.8,65.0,56.0,78.0,52.0
309,rgceocyv@school.edu,5460244389,Srxbukdbvn Qxqblxkarh,78.125,69.0,53.0,73.0,76.0,87.0
310,ysviwokyklxyx@school.edu,2571691519,Tywgv Wnsdhx,81.5,85.4,86.0,77.0,94.0,89.0
311,acnbj@school.edu,2436838587,Tgznjkwgpg Xroidgncfb,79.75,88.4,51.0,81.0,88.0,99.0
312,cptgnlevckl@school.edu,4111039856,Xgdnlejox Tdiund,75.875,73.8,54.0,78.0,74.0,80.0
313,vwfkfu@school.edu,9057590146,Fdmlzk Mgziyybvt,79.125,86.4,89.0,70.0,79.0,95.0
314,qgvlmdsjhr@school.edu,8523297616,Igowy Maxbz,88.25,86.6,65.0,83.0,81.0,87.0
315,novtbhnoedern@school.edu,8654191837,Jdtlfbngcn Txvbfrlksj,84.5,64.2,53.0,84.0,85.0,55.0
316,xyvql@school.edu,6286143687,Tcatrpeto Baulczx,82.75,77.6,71.0,86.0,87.0,100.0
317,gbiftuk@school.edu,7613727697,Olzry Bipsk,91.625,68.6,94.0,64.0,66.0,54.0
318,igqfqhahamlv@school.edu,5206343196,Adcazgevn Blgwiyzsvw,70.125,79.0,98.0,55.0,89.0,57.0
319,wtkjqurz@school.edu,1797897696,Evedsljiws Nfoyptpjon,77.5,75.2,91.0,90.0,91.0,86.0
320,scxhkovq@school.edu,7698867947,Ihggcv Dmnxtv,79.75,73.2,94.0,54.0,82.0,85.0
321,gwztcup@school.edu,8973193688,Yyrjybekp Zepvfh,87.75,67.0,71.0,87.0,80.0,55.0
322,dmint@school.edu,7843642297,Uhtns Dtyegxiu,76.625,87.6,78.0,84.0,60.0,83.0
323,usrvdh@school.edu,8469338891,Hdlfbyiwn Qoydr,79.375,76.6,77.0,59.0,77.0,56.0
324,okaum@school.edu,8126629819,Eaoiscb Djccl,90.375,68.0,97.0,92.0,66.0,100.0
325,xboqizopezj@school.edu,2952422339,Lbjql Ejliu,80.25,76.6,87.0,93.0,53.0,73.0
326,oouwu@school.edu,9947151379,Arlqxpf Tlwqtt,84.25,83.4,70.0,72.0,76.0,67.0
327,qwxjvttbcqnww@school.edu,4842251406,Frtfbf Utoamjsaaw,80.25,83.6,65.0,54.0,62.0,77.0
328,napcgsjxp@school.edu,4123734029,Ozvorn Uyfzbah,75.75,80.4,84.0,73.0,53.0,54.0
329,mttuspxwxj@school.edu,4507339229,Mlgcvnl Hhtwykzees,84.75,77.4,90.0,62.0,50.0,77.0
330,uiikagteksj@school.edu,4360696805,Icujseywve Fpncbdrw,76.625,75.0,75.0,54.0,54.0,87.0
331,neacayeeku@school.edu,1619150239,Tlaqv Liimorkaw,77.5,82.2,62.0,82.0,68.0,65.0
332,xdjhzam@school.edu,1980590144,Jrcrg Srxbezkhch,87.75,81.4,76.0,76.0,76.0,67.0
333,pgrwugzatjys@school.edu,7096180190,Tbcxlbg Axaqtw,80.875,73.6,52.0,66.0,88.0,59.0
334,agvnbdg@school.edu,7292031738,Gdggm Anuqstnwp,76.75,82.6,83.0,62.0,64.0,61.0
335,esfaviohns@school.edu,1610555534,Bimsaf Hfevftykp,83.5,73.4,53.0,81.0,66.0,61.0
336,kgjptkgzwf@school.edu,6428660926,Wzecagareb Fkbpqazel,78.125,75.2,72.0,73.0,91.0,66.0
337,xziacwygahk@school.edu,9652475528,Rsefd Ogmbabhwge,90.125,74.6,86.0,92.0,55.0,93.0
338,bjtqidhoijrc@school.edu,3103184056,Qqrirhhae Ufenrcrxhv,85.0,83.0,62.0,57.0,58.0,68.0
339,cscmhpwudj@school.edu,9041620631,Aeokhmgkd Qplfpstwp,81.875,73.6,53.0,86.0,78.0,74.0
340,nkgwxjy@school.edu,9925627242,Eazccmjw Kkybzmo,77.0,87.8,85.0,56.0,95.0,56.0
341,yktqzpzawj@school.edu,8684630040,Vzejqkkthc Pdkqwpn,81.875,78.6,90.0,50.0,88.0,99.0
342,nozqtfk@school.edu,8298571279,Eyrxolb Vxmuqsuzgf,79.875,75.4,52.0,53.0,81.0,69.0
343,bakrogjj@school.edu,6477498354,Fdvyhdmopt Ynmpaa,85.125,75.0,91.0,100.0,90.0,98.0
344,tbautsokmgd@school.edu,8291014110,Uvwzxpk Botsh,86.25,83.8,56.0,64.0,83.0,59.0
345,zaxfwzdqde@school.edu,8072317686,Jibddou Exlgv,77.5,67.0,95.0,51.0,83.0,71.0
346,ngjvetovdg@school.edu,1345984804,Iotab Cwbywmpt,78.5,68.4,99.0,70.0,100.0,94.0
347,sbiuvtbk@school.edu,2727001983,Qgtsyvrjt Eizucxit,75.875,77.0,99.0,95.0,85.0,91.0
348,tfywcxitwwr@school.edu,6167256568,Cqlaomo Qjahbwcrm,87.125,72.2,92.0,100.0,59.0,81.0
349,yydhyzacm@school.edu,8530881417,Gobeukx Jwmswzkj,84.875,75.8,57.0,88.0,51.0,88.0
350,wkqggm@school.edu,2314742036,Aviwhmcyc Gkbhpqwwv,69.25,88.0,66.0,93.0,60.0,95.0
351,bwjrwql@school.edu,7642732110,Boxgtult Tfasd,72.5,82.2,86.0,56.0,50.0,80.0
352,ycyfsrcwc@school.edu,1261079199,Lmspo Ivbvf,81.125,82.8,93.0,51.0,52.0,84.0
353,sxhtp@school.edu,7197083614,Uhamammq Aicdzit,72.75,71.0,70.0,96.0,78.0,61.0
354,niqqwamwwzjap@school.edu,6967969752,Iyouewv Wrpjamco,82.5,84.8,97.0,53.0,61.0,60.0
355,pcwapcnd@school.edu,9036310786,Lrxjfncb Pnlkjmj,71.375,63.6,100.0,69.0,90.0,51.0
356,nhjzv@school.edu,1262799918,Nzdphbvtw Mqdruioj,75.0,86.8,99.0,56.0,61.0,64.0
357,tidmambixm@school.edu,6308113935,Ldhzjplnp Wmppjndrt,88.375,77.6,65.0,89.0,59.0,57.0
358,fpautf@school.edu,2290532281,Sneagxnbv Kheykddf,78.25,86.6,97.0,97.0,90.0,75.0
359,iryctz@school.edu,9350069648,Gtzrr Sybnel,80.875,77.8,61.0,80.0,77.0,77.0
360,dneqel@school.edu,2849184486,Gtxitfmh Wafsfmmlj,78.5,70.6,53.0,56.0,96.0,52.0
361,pwfhmvzz@school.edu,7526208751,Nbqadtn Ctxnewxnmg,79.125,86.2,73.0,63.0,86.0,65.0
362,zggliizmdg@school.edu,6288346519,Hcymvfuxw Vzurtqo,78.375,83.8,73.0,76.0,77.0,66.0
363,vemtvol@school.edu,2496433708,Mziiiplcw Nlmicywbwc,78.0,75.6,50.0,83.0,72.0,54.0
364,ftfnpg@school.edu,4154181574,Dfyfwsfi Sauthzupdw,83.5,83.6,83.0,54.0,60.0,70.0
365,peqixhzpm@school.edu,8052368445,Chdlgim Nwjrxb,82.375,76.6,64.0,89.0,65.0,70.0
366,guyedfwmkvxho@school.edu,9427203822,Tdrvtmax Hbcjhp,77.875,79.2,79.0,87.0,63.0,93.0
367,pmpuwywyy@school.edu,2513511095,Swnlau Kgybmkpyvx,79.75,86.8,90.0,77.0,100.0,54.0
368,fivvzsyubifu@school.edu,5549381608,Hjdpain Rnjdkdd,80.375,87.2,71.0,52.0,71.0,52.0
369,jpjdiaapi@school.edu,9662423547,Ivktusih Mdwrx,80.25,78.2,73.0,94.0,83.0,58.0
370,dzlmlhfqi@school.edu,3680535627,Czxplku Rlfgmgs,72.5,85.2,75.0,63.0,62.0,51.0
371,gysfxvvlvroa@school.edu,2965702667,Zavpbvzz Qirppqgvn,81.875,85.4,76.0,53.0,57.0,60.0
372,sxxsiwmhv@school.edu,8289747096,Cqugzlxuov Qfvwv,70.875,75.6,84.0,55.0,64.0,58.0
373,cmdkvfcvo@school.edu,3659627462,Gdhmly Jihnkdme,73.375,73.8,75.0,89.0,65.0,82.0
374,xunhqirmmyq@school.edu,6625985475,Tsarfkslrl Pnyfb,74.125,71.8,91.0,60.0,75.0,54.0
375,wewxfgo@school.edu,3246463460,Rmdow Rpuvyxgvts,83.625,71.0,65.0,52.0,50.0,61.0
376,aiqmdx@school.edu,5642215037,Vsbhvjxq Dcdlxsxvse,78.25,80.2,84.0,90.0,52.0,97.0
377,quxzatdp@school.edu,6462855281,Wtptmh Saojakekfm,76.75,79.0,89.0,72.0,65.0,55.0
378,gahgx@school.edu,3459236157,Vovwieiyfs Hqphd,79.625,82.0,84.0,52.0,76.0,89.0
379,ligwzg@school.edu,9633421738,Arhlegcgo Ckbllpxmrx,86.375,69.0,99.0,72.0,56.0,86.0
380,jbwlwlms@school.edu,5103672493,Hutvnygj Slqumciem,84.5,81.4,97.0,57.0,74.0,91.0
381,whdce@school.edu,7231130462,Wrqoedwczx Smwmfh,86.875,82.4,80.0,88.0,91.0,58.0
382,uhisjsmicbnk@school.edu,2907821812,Mdqdyb Xxyismueu,72.125,75.0,75.0,54.0,88.0,50.0
383,qguexlvyaap@school.edu,5463769530,Ctvlxpfmas Synjdqbbk,84.375,70.6,84.0,95.0,63.0,98.0
384,zhyjr@school.edu,7770711597,Jqtvvli Uvqartw,73.875,80.0,65.0,66.0,96.0,85.0
385,cszbippmuiw@school.edu,5158746706,Ldwadijcwt Erxeeflmiw,93.125,79.6,81.0,65.0,67.0,75.0
386,ptgllbrkz@school.edu,9686399639,Satudgymib Dxrgfahfy,80.0,83.0,86.0,81.0,64.0,72.0
387,copwcgxkfqu@school.edu,5437923819,Tpyqs Blbwvlhz,84.0,87.8,66.0,80.0,69.0,64.0
388,yzhfadlmwa@school.edu,1996298832,Dzndjd Icogyg,81.375,82.6,76.0,75.0,100.0,59.0
389,nxffb@school.edu,2629931544,Sftepzoqnw Tkbdbfwab,72.125,83.2,73.0,96.0,59.0,53.0
390,jykgrln@school.edu,6106689866,Ftstjkz Usgznn,85.125,77.2,71.0,81.0,56.0,96.0
391,levjvhnfw@school.edu,8927668309,Hxdhtewd Jbpvblxsks,84.25,78.8,66.0,81.0,82.0,84.0
392,exnnwissrn@school.edu,2133736828,Dipklkd Ouhgd,84.875,75.0,73.0,99.0,82.0,50.0
393,hqzsfweg@school.edu,6062527906,Lyilqwdky Nbfjs,83.625,78.8,84.0,70.0,65.0,63.0
394,dmbuab@school.edu,9467984594,Zojrojjfmw Ugunvalewb,82.875,85.2,66.0,67.0,92.0,74.0
395,uezphgpgbslxj@school.edu,3469212953,Tihfmikjgy Wusfv,79.25,68.6,66.0,54.0,50.0,84.0
396,nzzxkulhfjm@school.edu,7532416168,Bnapferh Omwjkcloi,80.875,80.2,51.0,58.0,80.0,70.0
397,gcysbuf@school.edu,4185236206,Devthkfbg Ogbqt,73.75,79.2,87.0,56.0,56.0,67.0
398,hqhvmny@school.edu,6692204593,Tlcrhv Xhiocfmeem,87.0,88.8,95.0,73.0,73.0,86.0
399,eifeqa@school.edu,9642376948,Wnztfiov Mgcpzebpbx,67.5,76.2,79.0,52.0,75.0,72.0
400,baxkutzwn@school.edu,1574251982,Hpdwj Qiaiu,82.25,76.0,89.0,57.0,54.0,61.0
401,eegiyuvl@school.edu,6580107929,Ebtwvguki Tcgbfzugcv,76.375,72.2,60.0,59.0,85.0,72.0
402,siiufbutg@school.edu,9914367809,Rudqvzyaog Ntuiyypel,79.25,87.6,87.0,82.0,85.0,74.0
403,zeroqicmmab@school.edu,4901317138,Aizdfcfm Zalff,81.375,78.6,58.0,86.0,90.0,53.0
404,zflpjlcug@school.edu,3704606147,Xuddwwaz Sjqaenmvc,67.75,75.4,72.0,89.0,87.0,70.0
405,tkwgo@school.edu,2348609533,Oxdnygnvk Jpbtrh,89.5,66.0,53.0,100.0,96.0,79.0
406,qwxvb@school.edu,5648583440,Pprtgmhnz Qpflpwfitu,81.375,89.8,95.0,96.0,61.0,66.0
407,xtytfz@school.edu,7117216464,Osudugqq Eoexciee,86.625,65.6,94.0,84.0,98.0,51.0
408,ffmhvvhw@school.edu,4383983656,Khckv Anhdkkye,82.5,76.0,55.0,81.0,58.0,62.0
409,qrydycl@school.edu,1798617880,Ahyasxi Fordyzks,73.375,76.4,72.0,95.0,55.0,99.0
410,efwcjleuhnb@school.edu,5929037705,Snraxjll Yxseiqv,80.875,89.4,82.0,100.0,55.0,84.0
411,rzpfhnmsrehil@school.edu,6115616252,Egqitibfma Cqxaq,82.75,83.4,93.0,60.0,61.0,79.0
412,pbxbxdhaxg@school.edu,2311921483,Ewqrj Qhurkres,83.375,79.8,61.0,58.0,85.0,76.0
413,addmnh@school.edu,2378475135,Fvktgeed Mmlrnl,76.0,81.0,66.0,84.0,81.0,59.0
414,irscaamrfm@school.edu,4567503337,Wwqxeozjr Bxqokls,78.0,84.2,87.0,67.0,76.0,91.0
415,denkmtkkts@school.edu,7061119849,Eboxtid Uxfxcmta,68.375,86.6,76.0,58.0,78.0,56.0
416,vqyvlxhjqgowh@school.edu,5945041326,Krmohawhuh Iqcau,79.5,75.4,62.0,91.0,61.0,93.0
417,uheynxsbj@school.edu,6877610494,Xnrttx Qzoedgi,78.875,79.6,53.0,63.0,71.0,97.0
418,wcdubrcskbh@school.edu,3677837369,Yxrulmcfp Ffgsghdy,75.375,75.4,76.0,63.0,62.0,56.0
419,ponsln@school.edu,1357026741,Kmpovzuaa Dawakp,85.625,68.6,63.0,81.0,99.0,94.0
420,pakktaynlitrx@school.edu,8180780705,Wvepuks Qafdlpgj,75.25,85.4,58.0,75.0,74.0,87.0
421,eyrjhxjs@school.edu,4609626600,Lwyhask Vfnbxegu,78.75,85.2,91.0,84.0,74.0,67.0
422,krkzxboqe@school.edu,4462187107,Ymwnmicj Lotqzpy,86.875,73.6,88.0,70.0,91.0,51.0
423,xhmvjvm@school.edu,6902010466,Yvrmiqdgle Ncdux,76.25,77.0,84.0,52.0,70.0,92.0
424,mpoaafpkj@school.edu,7661850107,Wtqwvo Qthgpg,78.375,69.8,94.0,88.0,77.0,66.0
425,rvqthytktzbzk@school.edu,5604601133,Uzqqbk Czixt,82.0,90.8,91.0,90.0,79.0,89.0
426,obpwp@school.edu,7321037876,Hbixbl Ixpepkxzi,76.125,76.6,87.0,66.0,54.0,98.0
427,nejfverumwiys@school.edu,4008008953,Dkjzssec Gydrz,81.5,69.4,92.0,76.0,64.0,70.0
428,pokulcnxzfv@school.edu,9139565869,Uuzpu Dsevrsirp,71.375,74.2,99.0,81.0,76.0,51.0
429,pbxhbtitqo@school.edu,6653797634,Guojenjwcj Bbsrill,81.875,79.8,93.0,52.0,53.0,60.0
430,moqpfkuethje@school.edu,7077530018,Yhwmoa Nhnny,78.0,78.4,90.0,72.0,58.0,73.0
431,qxcifggyy@school.edu,7067801638,Upwnkke Djtea,86.0,84.0,72.0,57.0,51.0,74.0
432,dguzfuc@school.edu,2332469809,Oizacohch Oynxvxaeqq,77.375,79.4,55.0,52.0,59.0,82.0
433,cospmjmsrbdk@school.edu,5219122508,Xkcjhlhlv Bwovwnqjn,79.125,80.0,65.0,79.0,56.0,77.0
434,xfuiclfio@school.edu,9650330024,Ufqrrgv Svtjate,78.125,74.4,63.0,96.0,67.0,69.0
435,ecouxmjfwzlp@school.edu,4602007624,Vvokbcyoe Aclghlt,80.375,77.0,66.0,97.0,77.0,99.0
436,wnyssasgzi@school.edu,6891665828,Dbcvoepl Faoncsmnkv,86.875,74.0,70.0,92.0,87.0,92.0
437,ewszh@school.edu,2340365931,Wizswg Xlzzw,80.375,72.6,59.0,90.0,98.0,95.0
438,vwgwp@school.edu,3175408418,Jhjfg Nwcfi,76.625,73.6,70.0,99.0,66.0,77.0
439,eiuhlzkceqdr@school.edu,7431170454,Ibhtxrflng Ndyiatf,70.375,78.4,69.0,59.0,61.0,100.0
440,zyoflkhpezuzg@school.edu,7215177132,Vgxwru Wyasw,83.125,81.2,72.0,57.0,53.0,50.0
441,pbdoynme@school.edu,3947868467,Djqbphwn Onovwiphwe,85.5,64.4,77.0,63.0,100.0,88.0
442,pmdgq@school.edu,3250624681,Ainncc Tmfpum,79.125,74.2,73.0,75.0,76.0,81.0
443,wkyqdmxyj@school.edu,1369531765,Vybwtdnr Xzqsyss,72.5,75.0,79.0,50.0,51.0,78.0
444,ahmuhewcts@school.edu,3498137068,Eznwp Pdjrirb,85.75,82.0,54.0,79.0,86.0,78.0
445,oendwrn@school.edu,9172674105,Lptgloyev Zqiaiwisog,75.375,81.2,84.0,81.0,99.0,57.0
446,dyroqimxlx@school.edu,8508314402,Cysoz Nejszgih,80.75,76.0,83.0,88.0,100.0,81.0
447,slfdasj@school.edu,3852307991,Ficispzcjq Uzwyjstbm,75.75,85.6,76.0,50.0,88.0,82.0
448,dsggabcw@school.edu,3163685630,Vgbeptehl Tvdslrgep,78.875,80.4,100.0,52.0,56.0,74.0
449,jcvkonsztaiu@school.edu,2471284962,Dfqxe Rcjpqzfpwa,83.0,84.2,68.0,92.0,71.0,86.0
450,iteimriohgk@school.edu,4181575810,Zylojjsyx Iaphakw,84.375,78.2,79.0,58.0,83.0,73.0
451,ixzuklo@school.edu,1650919265,Hxfssciq Aovhgck,80.25,90.8,59.0,77.0,81.0,53.0
452,wektyuh@school.edu,9585741565,Usyavtjt Owuaiica,88.125,74.2,55.0,52.0,71.0,80.0
453,gzqzbemsbim@school.edu,3673902550,Gqcqtaruzg Qyvxese,75.875,76.0,58.0,91.0,98.0,81.0
454,pguhpeerbkcwv@school.edu,5353810287,Sbjvzilp Eexuhh,84.0,79.2,70.0,54.0,81.0,96.0
455,nedmaatz@school.edu,6159169319,Qfrtzykss Uxjco,83.0,73.0,88.0,98.0,59.0,89.0
456,azzmtqikf@school.edu,8950964395,Bfpgraxjg Uwtdsfgfv,80.625,75.2,97.0,59.0,61.0,56.0
457,jdmlqwp@school.edu,6891852639,Kujvqifa Xdkilkijxg,65.625,69.2,79.0,70.0,94.0,86.0
458,jdosjwyyam@school.edu,6443716003,Vpvtn Bwihloa,71.125,82.2,84.0,84.0,84.0,70.0
459,tnwroyuvdtsa@school.edu,5914554448,Bhkuf Nrimrnbz,81.875,71.4,65.0,67.0,67.0,67.0
460,qilrob@school.edu,8226939123,Oxxwrec Bhvhbinki,83.0,76.8,67.0,94.0,74.0,80.0
461,hjkcq@school.edu,3525241612,Hlgncnsjz Ojgyaytg,86.625,84.2,55.0,78.0,80.0,94.0
462,nygerektaiq@school.edu,7260674592,Vlggrrvc Tcamqprpmg,78.25,82.2,93.0,69.0,70.0,80.0
463,zgdqisdl@school.edu,4954751839,Noydq Wfkcvvk,80.875,86.0,76.0,88.0,67.0,59.0
464,tgjzafxc@school.edu,1399854126,Maaxhboclo Naoki,78.375,81.4,62.0,60.0,78.0,73.0
465,weenqghmtnz@school.edu,9017142798,Syvqahsrap Lfzntx,75.625,68.2,75.0,66.0,68.0,65.0
466,strtnfbz@school.edu,4218450872,Hirliumwai Jsfwq,77.25,59.8,98.0,80.0,74.0,75.0
467,axgdjflfqkz@school.edu,8065387807,Gjwuoxh Oxkshjyrr,72.875,67.8,80.0,68.0,73.0,65.0
468,kynjlmgwqb@school.edu,5256832831,Qsttnt Kgwagbfldb,79.5,77.2,99.0,100.0,90.0,99.0
469,dwlymerclsk@school.edu,1561391036,Ewzydvnsm Achqwngiu,84.625,83.4,68.0,62.0,66.0,88.0
470,qdnowc@school.edu,5308078558,Flvbflbocn Eumjd,83.875,76.2,82.0,73.0,99.0,72.0
471,feeol@school.edu,7961422307,Mhgmctuuwt Blwwix,84.75,79.8,98.0,91.0,92.0,65.0
472,nkzfhtgwx@school.edu,5351686902,Cjewxew Ysubvdcd,86.5,85.0,86.0,99.0,71.0,80.0
473,zkqoq@school.edu,8745461918,Dtqfsv Iqxkwpp,76.125,74.8,70.0,73.0,86.0,66.0
474,jswlvvnwnspa@school.edu,5598782083,Dejlbvmdcw Vsvvnr,71.25,81.6,78.0,60.0,56.0,80.0
475,xjjcnb@school.edu,7881487487,Sapnmfil Kmkxtwxtt,76.25,80.2,87.0,93.0,97.0,96.0
476,yfksrobombcya@school.edu,2482418213,Fboiahzw Irklgo,88.875,86.6,98.0,86.0,100.0,60.0
477,nysuqg@school.edu,7473905110,Hkype Txqgvcgb,82.25,76.2,86.0,73.0,85.0,72.0
478,plsuu@school.edu,8404478754,Temac Vugvhkx,83.375,89.2,66.0,61.0,94.0,85.0
479,nfeck@school.edu,4832432701,Ksiyr Ouqlqwqo,85.5,72.2,76.0,69.0,81.0,82.0
480,lwahashevvr@school.edu,8221622760,Xsdmhhy Ejelijdddo,71.375,79.6,99.0,55.0,62.0,55.0
481,isrnazkytyslf@school.edu,6419054703,Vhhjk Krnfulqr,78.625,87.8,72.0,89.0,65.0,50.0
482,hfxiydjmpxw@school.edu,8266814232,Iqqbe Xefmquist,79.5,74.2,90.0,100.0,95.0,69.0
483,qlywoktbpbo@school.edu,1345848417,Jejafhwj Jyaxfk,80.625,75.2,54.0,63.0,82.0,86.0
484,jdway@school.edu,4620971968,Hnfnicjs Wkjrklmp,73.75,69.8,93.0,81.0,68.0,56.0
485,vofmqytaalxqy@school.edu,1807152282,Mbopylf Zdlioho,76.125,67.0,62.0,53.0,98.0,76.0
486,vptbxdmahi@school.edu,3728044676,Hmrlmm Njsldipqrv,75.625,73.4,72.0,83.0,90.0,56.0
487,wjdzrsrsne@school.edu,7837132780,Ubifqz Vjuogvtbt,87.875,78.8,88.0,95.0,81.0,75.0
488,uldjfzn@school.edu,7090737384,Lxivibblhe Ztbuv,77.75,71.6,87.0,54.0,81.0,55.0
489,jyviedrfyb@school.edu,9750730543,Pzwlqgbonp Rzptbp,82.375,66.6,80.0,82.0,94.0,58.0
490,gfyzq@school.edu,1579961881,Cejqxldh Ucopuyi,82.875,80.0,77.0,95.0,100.0,95.0
491,brtnnlam@school.edu,7638110626,Npqwn Rfannjlkf,79.625,90.0,86.0,88.0,62.0,91.0
492,qagqz@school.edu,1455981107,Ccdibg Wwpqfalq,78.25,78.4,72.0,61.0,64.0,77.0
493,mzeedghxiw@school.edu,5738876486,Qmpnyk Ncxdn,77.875,80.0,59.0,56.0,76.0,52.0
494,mrfjism@school.edu,7990754692,Wxgamnprmi Ujdfahmuiq,72.625,76.8,56.0,75.0,81.0,67.0
495,pdiuxgl@school.edu,5754654601,Femyg Owoyh,75.0,77.2,96.0,55.0,91.0,95.0
496,ckgfl@school.edu,5726277581,Gnufgp Ehiojilkng,91.5,88.0,98.0,90.0,58.0,87.0
497,lgkljvuwweyi@school.edu,2177531994,Xhsnyfva Lredcbpyiq,83.75,67.0,93.0,64.0,78.0,62.0
498,beggwqo@school.edu,2244937331,Bzashvmvk Fpfyce,83.25,77.2,61.0,93.0,51.0,86.0
499,akzwjdjxf@school.edu,8281341377,Onywen Rxlpe,82.125,68.8,58.0,92.0,100.0,73.0
500,slcmfwbamurqe@school.edu,3448339583,Trgwcvt Rdaetktz,78.25,77.2,59.0,67.0,69.0,94.0
501,shvkeu@school.edu,3523054469,Eaeqlhlox Ycbeplnfw,84.25,66.6,52.0,98.0,61.0,94.0
502,qidpmhbzpdhj@school.edu,5211733144,Mjsrfdvbe Basyfm,74.375,85.0,60.0,93.0,98.0,83.0
503,atephsmz@school.edu,1297991309,Qggfnogza Hlvdggqi,80.875,73.8,93.0,96.0,82.0,52.0
504,fsshbm@school.edu,5847426600,Ulkexutvmf Cvpqcgbhw,79.125,74.4,75.0,96.0,93.0,50.0
505,juiepvtbknpfn@school.edu,7675718853,Ujqjg Knuxu,83.375,73.6,77.0,92.0,83.0,80.0
506,emkkgprqt@school.edu,3296100407,Udyff Ikzhsztdkw,80.75,71.6,53.0,83.0,57.0,80.0
507,txiaucmqrvpeb@school.edu,1923163605,Obygktxx Zqaafrntu,80.625,73.2,87.0,93.0,93.0,56.0
508,ypgtsi@school.edu,5096659334,Swyuqsyh Azxibje,88.625,79.6,85.0,82.0,50.0,80.0
509,pierczdocuqjj@school.edu,8499130701,Rtxxuceex Vpkuio,79.125,74.6,56.0,100.0,75.0,81.0
510,lqfdtcyvy@school.edu,4331071202,Zoacxpipr Zvyupxnvb,80.0,88.4,93.0,62.0,74.0,65.0
511,deztupngt@school.edu,2681039542,Zwflfpvi Rhsrn,83.0,78.2,56.0,76.0,68.0,86.0
512,kdehnfpegoc@school.edu,4177615113,Lajipyfc Xvxcu,75.375,84.8,78.0,60.0,84.0,78.0
513,jbqeomd@school.edu,6937598887,Tvcukvfgod Yqqihxxmi,80.25,78.4,61.0,92.0,55.0,52.0
514,efzqrlggd@school.edu,5321123594,Lnbjkjp Zajgig,76.0,88.8,95.0,60.0,96.0,75.0
515,bnbfbpzkw@school.edu,9178418077,Pkfqgvyd Qicunxgeyp,80.125,81.4,78.0,75.0,70.0,80.0
516,szxfyqpyvwro@school.edu,5609706485,Pajpjw Oppsspv,77.5,85.8,84.0,96.0,53.0,61.0
517,qarhaujqf@school.edu,6021423721,Ktshq Ktjntbq,86.0,78.0,65.0,57.0,79.0,79.0
518,jqegsjzymz@school.edu,8128567027,Aefvag Weeuu,78.0,79.6,52.0,55.0,88.0,84.0
519,wwxxrassoauo@school.edu,9186929632,Stiqorot Bcozwbxkg,76.25,81.6,66.0,66.0,94.0,82.0
520,twifbpldnr@school.edu,9250867410,Dafhczhglj Aucatqj,81.125,77.8,54.0,51.0,71.0,75.0
521,rusbwhmwr@school.edu,2668770183,Yizyv Yxrqxxor,72.375,77.8,74.0,63.0,68.0,65.0
522,remaixiec@school.edu,6954354196,Xglxsncpr Qsozzpd,79.875,84.6,61.0,88.0,59.0,63.0
523,snnqufryinfo@school.edu,1001884087,Jmbuetfok Kvnsmqh,78.375,74.4,87.0,94.0,55.0,52.0
524,nymuvxhl@school.edu,6488170038,Lmwlewivmh Mymfojy,81.5,69.0,94.0,79.0,96.0,78.0
525,uxyshjjpvfhew@school.edu,3156624748,Advvnhf Yxforzs,80.75,64.6,74.0,63.0,56.0,88.0
526,oqbfmui@school.edu,3318031388,Tzgqi Qlrdvvoge,78.125,74.2,82.0,78.0,52.0,93.0
527,mniok@school.edu,6626607972,Dthzy Oejii,86.875,62.8,73.0,51.0,53.0,79.0
528,uslwmq@school.edu,3835883690,Aupwbq Xakffyufeb,77.25,81.6,62.0,88.0,52.0,69.0
529,ezbrrwu@school.edu,5546896102,Sjwecb Suxnxb,89.125,76.8,77.0,81.0,73.0,72.0
530,xwauykgkv@school.edu,9839119624,Flhpyrd Wzskkmkhi,80.5,70.0,70.0,78.0,78.0,71.0
531,tquby@school.edu,6969345877,Eqyxb Nvwxzs,71.5,75.6,87.0,68.0,54.0,87.0
532,rnnoieljplw@school.edu,6584816709,Ixebu Wafkmfe,78.5,79.6,59.0,80.0,54.0,73.0
533,yyjwfl@school.edu,8251986225,Ouyijapbr Exukkpam,81.5,82.8,97.0,53.0,55.0,76.0
534,wtjdflzxlco@school.edu,2692600557,Peulxoun Hvphnkxu,74.125,85.6,64.0,60.0,81.0,66.0
535,frpjmxwxaif@school.edu,6951558747,Maeyell Lkddh,82.25,82.2,78.0,62.0,74.0,94.0
536,idrezkn@school.edu,8532850400,Yfchlfc Ovhvcn,78.5,75.0,73.0,85.0,89.0,75.0
537,nprgdemvmuah@school.edu,3640130913,Shpkkmb Jvipsydqc,74.375,85.0,86.0,94.0,94.0,87.0
538,rboodgkpoz@school.edu,8960085708,Dlrtiqhql Ctksdviua,78.375,84.6,100.0,97.0,66.0,94.0
539,odejqfzrpjflu@school.edu,9997280644,Zzjwjmnoaa Kpefqyk,79.5,75.2,64.0,56.0,83.0,97.0
540,naooxl@school.edu,9431684791,Ptmgvodogy Witbpdfq,74.875,76.0,98.0,56.0,68.0,59.0
541,jhdebcmp@school.edu,1367023684,Oaakjfzvd Pphsfp,83.0,84.2,66.0,100.0,56.0,80.0
542,cvclscdxzff@school.edu,3345892430,Onshur Nycfwuc,77.75,88.4,81.0,65.0,60.0,64.0
543,jiwziwldnm@school.edu,8081362564,Hcnask Rgjvgc,85.5,75.0,54.0,89.0,50.0,72.0
544,ehurwnrolsxtp@school.edu,1270993262,Tulno Zkseobancx,82.75,74.4,66.0,58.0,82.0,53.0
545,iafwekbmv@school.edu,4767105522,Aedfjcqv Wmlhho,79.0,72.0,67.0,65.0,68.0,53.0
546,wgcjdu@school.edu,4005338650,Depwdothyb Oiladm,87.25,81.8,50.0,61.0,80.0,59.0
547,bnmoq@school.edu,6700941681,Ulbjvzze Ufpwq,79.75,78.8,64.0,99.0,50.0,79.0
548,bxyupjfawjrvj@school.edu,8803688603,Vebmmqm Bldqmzkaue,81.0,79.6,56.0,69.0,66.0,85.0
549,urzfnzuppbba@school.edu,8288363325,Pcqeye Rckmfeepb,79.0,82.8,67.0,96.0,76.0,55.0
550,qgehmagixe@school.edu,9373210313,Wxxeexvozz Vopydzi,80.875,86.4,71.0,95.0,60.0,93.0
551,jwipbwmnskgmr@school.edu,9816922452,Ayrgod Pbhpr,72.125,59.8,61.0,63.0,64.0,92.0
552,vqhgeaqc@school.edu,1499001491,Ifyzvi Ryyjd,80.25,76.2,66.0,80.0,98.0,83.0
553,aazdaiadgbwkv@school.edu,2771705350,Wykjuhpwvt Amggj,77.375,77.0,90.0,89.0,92.0,86.0
554,hijllc@school.edu,5169314738,Ypthxh Vvegtde,82.875,73.8,68.0,64.0,93.0,69.0
555,sgmlidmestpf@school.edu,3638609631,Agjzijmt Hvovukffp,84.5,85.4,72.0,99.0,66.0,53.0
556,ybpbjbxfqmmke@school.edu,8907385110,Ezprg Eerhnev,79.25,75.8,54.0,75.0,70.0,56.0
557,picbeuaymphm@school.edu,3208182792,Axjhsszfvj Sucuzcrb,79.75,78.0,50.0,69.0,75.0,98.0
558,lldxr@school.edu,1529217396,Ogqqk Laufhb,77.0,91.0,86.0,90.0,57.0,62.0
559,cdbaqgmvg@school.edu,9391794680,Hcmcfbn Bgahbocgw,84.125,85.0,82.0,57.0,90.0,79.0
560,depco@school.edu,9748389792,Qstrahq Pvizyhijwp,78.625,79.2,83.0,58.0,78.0,70.0
561,qtypijdqoyj@school.edu,3428782584,Middh Dxnealvzb,78.875,78.6,67.0,68.0,75.0,84.0
562,earajpvknnbi@school.edu,7945544059,Edvhnwd Ncgkuz,82.5,77.8,75.0,62.0,78.0,56.0
563,nofhkqvvb@school.edu,2585537268,Vpmkcpfplh Vsmmxp,85.125,71.0,81.0,66.0,56.0,62.0
564,jzqnprit@school.edu,7911881459,Xrvrwbtkq Omvodlbpi,78.25,80.2,77.0,62.0,63.0,79.0
565,cewnb@school.edu,2338115131,Atcesv Zcvmxenj,74.125,76.4,69.0,91.0,77.0,76.0
566,ughlkilponqa@school.edu,2414482712,Eyfdddj Lvdka,75.25,74.2,62.0,73.0,51.0,93.0
567,lyyjan@school.edu,6186866552,Qhxbby Azianfj,75.125,73.6,72.0,100.0,68.0,86.0
568,evrqlwt@school.edu,2628869750,Xyqgeg Sibzziwouh,89.75,77.2,59.0,64.0,76.0,50.0
569,uyvky@school.edu,6196229297,Luaadodq Ehrchdjn,73.875,73.4,65.0,72.0,61.0,88.0
570,ltzljrf@school.edu,9407504368,Mxnscici Zzrntjp,83.0,81.2,100.0,72.0,63.0,86.0
571,zsvafybhyptd@school.edu,3338681258,Ihgrtqc Fzdmwt,80.25,85.2,69.0,92.0,76.0,59.0
572,bjgtnydcrf@school.edu,8965129284,Bmmfhfoko Ityqpnqeml,66.375,79.2,57.0,88.0,64.0,98.0
573,tbevdotx@school.edu,2460705364,Czbii Cgvos,77.125,70.8,76.0,59.0,59.0,52.0
574,upxawkpz@school.edu,1650907367,Nodypi Frltwtj,80.125,80.2,62.0,51.0,51.0,53.0
575,wostjvi@school.edu,3068798143,Wubyv Ivmmevzfx,78.5,62.4,84.0,72.0,77.0,58.0
576,crpbpgwqd@school.edu,4697590067,Ttmauxky Ghjjunc,91.25,87.0,96.0,51.0,50.0,69.0
577,ipzmgpjcvktmv@school.edu,9403869445,Jxmmgoyn Twimbah,86.375,82.4,56.0,56.0,91.0,50.0
578,oofdcoxkflan@school.edu,1827917811,Rozectiabb Klprvatnq,80.25,80.4,82.0,50.0,76.0,76.0
579,jdlupr@school.edu,9679284199,Mrhfqik Jqzipqitod,90.375,82.2,71.0,84.0,91.0,50.0
580,egraerkbgueeb@school.edu,1034054271,Jzllh Xiqahuj,83.375,77.0,72.0,52.0,98.0,68.0
581,fbtjrksqbsri@school.edu,1293366666,Mujxljwgn Pthfxb,74.75,76.2,79.0,85.0,84.0,94.0
582,pdohanmv@school.edu,1559162932,Apufejrpku Xrwvunver,76.75,73.4,92.0,86.0,58.0,69.0
583,bmhyci@school.edu,4501569907,Opmbgke Yjrlsch,74.75,83.8,68.0,83.0,76.0,100.0
584,mvvkwi@school.edu,3205162715,Mimfmuus Icabyx,78.375,68.0,79.0,85.0,68.0,57.0
585,gnuojvwcuuy@school.edu,2866138077,Crrmnlke Obxggrjr,73.0,81.0,68.0,97.0,64.0,50.0
586,jvlpkmr@school.edu,9678563580,Iczbwfanzv Ubdyae,76.0,74.4,72.0,73.0,72.0,86.0
587,zabokaroyxjgo@school.edu,5043100107,Pwvhpwzr Fvjqnebe,76.125,91.6,95.0,82.0,70.0,95.0
588,xhevfqcpyq@school.edu,1551730468,Muiesrc Mldqetgn,79.125,77.8,65.0,83.0,98.0,75.0
589,kexwlujw@school.edu,3791696181,Aycizwm Atgcbls,81.875,81.6,55.0,94.0,91.0,76.0
590,ahiewbvzefxx@school.edu,7054128013,Zkaelfykiv Lmbeso,85.0,85.0,52.0,75.0,95.0,87.0
591,bacgd@school.edu,7065479816,Lcvlntg Ppappw,88.125,83.2,59.0,89.0,91.0,84.0
592,kvnhlytaycbt@school.edu,2013702645,Cxwxfq Jfsajfm,72.5,85.2,54.0,59.0,98.0,80.0
593,omnbhsneofxi@school.edu,2283181760,Ugfzgbb Bvippn,74.25,74.2,86.0,99.0,62.0,55.0
594,turnluf@school.edu,5357517332,Gxhjcjhk Tfzynyg,83.375,67.6,96.0,68.0,65.0,78.0
595,eviakpflzwxf@school.edu,7069514140,Grgdttu Vdekoxvmo,78.75,88.4,76.0,84.0,70.0,87.0
596,byuwppjcenm@school.edu,6829337365,Fyupxmo Vvodwg,77.75,68.6,52.0,85.0,66.0,53.0
597,dtulob@school.edu,4137283368,Tyfkzqgo Gknmqghd,82.5,81.6,87.0,98.0,86.0,60.0
598,tsshknbun@school.edu,5935063325,Xmqlyh Yrrwoyo,81.0,69.0,60.0,62.0,97.0,79.0
599,rmqvity@school.edu,8165896110,Jzrmfze Pyuncvt,82.625,67.0,74.0,67.0,53.0,74.0
