,Unnamed: 0,UID,UIN,Name,HW,Quiz,E1,E2,E3,E4,Total,Letter grade
0,0,ctxqdydbh@school.edu,6278071156,Amwzhvv Hfsnkmtvg,69.375,80.0,52.0,73.0,53.0,59.0,63.84375,D+
1,1,zqwlkf@school.edu,6126131600,Bzxymaq Itwpihiat,77.125,74.4,86.0,81.0,86.0,60.0,76.67125,B+
2,2,fpvzcjz@school.edu,5769978790,Nzybmx Vwxdgikg,79.875,74.4,99.0,88.0,99.0,72.0,84.70875,A
3,3,foiqtrw@school.edu,2206806491,Sitpqioevb Gbyba,76.375,86.8,96.0,85.0,64.0,57.0,75.92375,B
4,4,gzdxxjj@school.edu,8175161510,Buvbtfe Sefozup,90.75,77.6,60.0,84.0,86.0,98.0,84.5475,A
5,5,ynaiklmtueqiq@school.edu,6530931390,Wekhihdy Rchka,82.125,71.8,84.0,81.0,87.0,92.0,83.91125,A
6,6,enrccocqlyxpl@school.edu,6922488835,Ysnnj Watpltvvne,92.875,72.0,96.0,51.0,68.0,85.0,79.66875,A
7,7,yrxsavq@school.edu,6947911536,Qrdklvyfe Rtiozlzis,78.5,77.6,54.0,97.0,99.0,95.0,83.885,A
8,8,nyuimtzqdtnyc@school.edu,5423439935,Tvtyaoefjr Yltrqpnbjx,82.375,85.2,73.0,52.0,50.0,97.0,74.76375,B
9,9,zzibaifzmkihs@school.edu,2789928846,Mjciqqukl Bywgq,81.125,82.8,77.0,82.0,67.0,64.0,75.26125,B
10,10,fatlqwdx@school.edu,6686528654,Jomezjpz Xqnwt,74.25,84.2,75.0,85.0,83.0,88.0,81.0325,A
11,11,qupfag@school.edu,1800596685,Lwjjfcwgtb Kizyidv,74.375,74.2,79.0,90.0,58.0,86.0,77.26375,A-
12,12,vzkkbsdqjb@school.edu,2166785718,Lgkazbra Uowqkuaxgu,79.375,80.2,85.0,67.0,79.0,99.0,82.31375,A
13,13,mjfeos@school.edu,6169400059,Tzannr Bzomti,73.375,81.0,78.0,50.0,71.0,84.0,73.09375,B-
14,14,gztomzqhdtt@school.edu,2720732191,Syhgzaui Ikjyqi,74.875,76.4,91.0,73.0,98.0,69.0,79.45875,A
15,15,lbgfu@school.edu,2815880110,Jpmxvsai Uptsrfradr,81.0,66.0,67.0,50.0,77.0,66.0,69.15,C-
16,16,slrwlale@school.edu,1580817508,Svwyqelv Ovcgtjaw,76.375,84.6,98.0,69.0,52.0,63.0,73.00375,B-
17,17,atyuuyf@school.edu,9340058784,Skqhtzg Jhlotyt,71.125,68.2,79.0,80.0,63.0,72.0,72.30125,C+
18,18,ndiqtvgdle@school.edu,4588298612,Ehxiicbfen Cpnaadnje,89.875,79.8,59.0,81.0,73.0,68.0,75.99875,B
19,19,yefjeyizmgbmu@school.edu,4325802325,Sfztgwnn Nboubu,77.125,74.4,86.0,60.0,91.0,80.0,78.27125,A
20,20,tdwtjx@school.edu,1563388784,Jblwcpad Qyumce,80.125,78.4,97.0,98.0,77.0,84.0,85.47125,A+
21,21,miuwlmwff@school.edu,6470760017,Bkpraahvt Rxifljtee,86.75,77.0,89.0,88.0,93.0,100.0,89.8875,A+
22,22,gxobodffig@school.edu,5909802504,Eeonyxkogl Gpgayfeu,77.875,69.4,69.0,60.0,57.0,86.0,71.50875,C+
23,23,ofvpeuweffkou@school.edu,3446954943,Pzmqrldfyh Ajqzumuf,85.125,70.8,82.0,51.0,54.0,61.0,68.61125,D+
24,24,wosvudf@school.edu,4876862657,Yldzrlqn Jmblqmiims,77.625,71.4,59.0,53.0,71.0,83.0,70.59625,C
25,25,orqem@school.edu,1991684124,Noxdpqycs Iqkxpt,82.875,73.2,73.0,96.0,65.0,80.0,79.13875,A
26,26,fjcsfpznlnq@school.edu,9571781509,Smlkkfd Zdtao,80.125,78.2,67.0,63.0,79.0,100.0,79.20125,A
27,27,kwjzcjajqw@school.edu,7462995973,Noorwsar Xhrzcfmmqb,85.5,76.4,63.0,51.0,75.0,53.0,67.965,D+
28,28,qjpundwgikcp@school.edu,5365613079,Tgqkhhwkto Zqosetwyh,79.875,83.6,68.0,71.0,58.0,79.0,73.67875,B-
29,29,kctix@school.edu,1718485091,Xlqqnsowyp Kacsgnyzkt,76.625,81.8,85.0,57.0,88.0,85.0,78.83625,A
30,30,khihkc@school.edu,2676590055,Dqqukdakf Aqqknegg,79.5,77.4,84.0,59.0,81.0,83.0,77.815,A-
31,31,joihlz@school.edu,8227810715,Ixjspuui Pegprucpaj,77.75,73.4,93.0,67.0,57.0,54.0,70.1275,C
32,32,kbopiww@school.edu,6158541032,Tvptswo Hyznwe,85.375,80.6,94.0,74.0,75.0,86.0,83.05375,A
33,33,axjic@school.edu,1391891410,Qgjaos Clanmdslpv,78.75,79.4,74.0,67.0,99.0,64.0,76.4275,B+
34,34,gbnzzk@school.edu,8856270558,Pmezgtpj Sfnwx,90.125,84.8,73.0,68.0,52.0,51.0,70.16125,C
35,35,zudiojo@school.edu,8700477732,Rpbrxitpd Venvaq,82.75,79.2,90.0,94.0,90.0,85.0,86.7075,A+
36,36,ueggwbgqvonda@school.edu,6706186426,Hypwdysx Nrudccq,81.75,73.4,55.0,72.0,61.0,100.0,75.9775,B
37,37,xvxlpsvlvmz@school.edu,3680656535,Lybytujoae Zkkjbllwgg,74.25,71.4,82.0,81.0,59.0,88.0,76.6025,B+
38,38,ebqnzki@school.edu,6999480977,Ahpej Yfrtd,83.125,78.8,75.0,78.0,51.0,71.0,73.46125,B-
39,39,kvolwqgseujye@school.edu,9761210244,Qktliuqa Kzmwc,77.75,78.4,84.0,52.0,75.0,59.0,70.7275,C
40,40,qtjeup@school.edu,5504430136,Nqhgrtp Yifvai,84.375,80.8,99.0,70.0,94.0,50.0,78.62375,A
41,41,mcfyytknvk@school.edu,1416823257,Ocflti Bzczostydl,84.375,83.4,68.0,78.0,65.0,92.0,79.48375,A
42,42,qsckorjtim@school.edu,6718505439,Mtcuecisej Hekyvrj,88.375,78.6,88.0,55.0,53.0,74.0,74.15375,B
43,43,ltlshqhmflwev@school.edu,5457310491,Sgnrpgagt Tnftopa,85.625,77.6,78.0,79.0,52.0,96.0,79.71625,A
44,44,xaguikvtwyak@school.edu,6173439713,Urimqprkr Djuisyvbo,85.25,86.6,81.0,84.0,73.0,55.0,76.6725,B+
45,45,oymxemtg@school.edu,6542452645,Cqbxshpx Wlxlih,77.875,76.8,79.0,88.0,98.0,68.0,80.49875,A
46,46,anbtbzxnkxkc@school.edu,4753118606,Xtrtpmqyl Amcijkc,81.75,71.4,64.0,91.0,85.0,75.0,78.5775,A
47,47,nhpedeicrhmcs@school.edu,5718190057,Hdagki Dbdkknvo,83.5,74.6,100.0,54.0,95.0,66.0,78.885,A
48,48,kcwnqrhaksq@school.edu,8286449202,Apizdhdgdn Dlwphfhb,76.75,84.6,50.0,94.0,52.0,90.0,75.0475,B
49,49,xefaqejymj@school.edu,8851148135,Iwidywmkeq Qxrgvk,76.125,83.2,100.0,98.0,99.0,69.0,85.70125,A+
50,50,fiqyykdl@school.edu,3146496241,Zspwja Qjdlg,83.875,86.2,67.0,71.0,54.0,51.0,68.58875,D+
51,51,sybewxdxry@school.edu,4588981273,Teekn Wpqujx,84.5,76.6,91.0,77.0,87.0,87.0,84.435,A
52,52,pkzcxzu@school.edu,1809811114,Juapxgpn Rgrptvfniu,79.25,78.2,59.0,67.0,53.0,95.0,73.4825,B-
53,53,kushtsddt@school.edu,3513487464,Jdikjlzu Gijfgmwh,67.625,75.8,71.0,97.0,73.0,99.0,80.43625,A
54,54,uuanzokad@school.edu,9312370931,Iuwoal Zqeem,83.75,72.4,66.0,77.0,59.0,89.0,76.2775,B+
55,55,rbnvatnnjz@school.edu,1975917381,Geqltuu Vcyykf,85.5,80.2,58.0,86.0,69.0,78.0,76.945,B+
56,56,esgbam@school.edu,4806493450,Gwnrr Jvvnpd,90.375,80.4,50.0,67.0,58.0,82.0,73.28375,B-
57,57,hengfyk@school.edu,3495072998,Uipokxndi Ehkifn,74.375,83.6,54.0,90.0,73.0,97.0,78.90375,A
58,58,rlntqyxkcub@school.edu,7613103589,Detrxu Vcemasvq,83.625,84.0,88.0,88.0,55.0,71.0,78.15625,A
59,59,jewcgxxlds@school.edu,1923646604,Azghbjb Butnimrzc,88.5,79.0,88.0,82.0,61.0,75.0,79.675,A
60,60,txfaxebqvdgd@school.edu,2331749283,Dyzwdluh Ogsehqzvs,83.375,77.4,98.0,89.0,95.0,76.0,86.08375,A+
61,61,fivmbsamzcrw@school.edu,8526973014,Atrxi Mptwwxds,71.75,93.4,80.0,57.0,100.0,91.0,81.0275,A
62,62,ncztib@school.edu,2155157340,Drpjedooc Vpcjeumd,85.125,74.6,99.0,65.0,91.0,97.0,86.39125,A+
63,63,eeneeauidgeue@school.edu,6887372093,Zlobblc Fcdcdx,79.125,76.4,65.0,98.0,82.0,83.0,80.77125,A
64,64,ddvktv@school.edu,6879789863,Hrybomrb Fwoqvn,82.5,79.0,63.0,86.0,55.0,74.0,73.925,B-
65,65,yehkp@school.edu,1733822522,Mejrepdgp Tocmcybqsn,75.375,82.2,74.0,93.0,100.0,77.0,82.51375,A
66,66,zsvjfe@school.edu,4089577474,Blyexturg Gkwkmqub,79.375,81.6,93.0,78.0,90.0,74.0,81.95375,A
67,67,bucmxbkuo@school.edu,8730534982,Jajyjkp Fybuzhhm,74.25,87.0,60.0,68.0,90.0,64.0,72.7625,C+
68,68,rsbakmwxaygjj@school.edu,1925504699,Eyrkaqj Phaswdps,80.5,69.2,73.0,60.0,57.0,91.0,73.745,B-
69,69,cuyjkpgjlagzy@school.edu,1357993845,Ainperig Odwndmxyk,73.5,75.8,52.0,78.0,66.0,58.0,66.955,D+
70,70,mvsfmgbzq@school.edu,5305859272,Miaex Tnzht,84.875,74.4,81.0,68.0,80.0,78.0,78.60875,A
71,71,vxhevel@school.edu,5713992406,Kpkarm Gdadnrwl,88.125,81.4,78.0,75.0,99.0,91.0,86.17125,A+
72,72,iecisqcfv@school.edu,1654605015,Luteg Byakgihpsu,84.875,86.2,100.0,66.0,91.0,79.0,84.18875,A
73,73,ycmrqu@school.edu,5383868385,Trepufru Znmwmjcqu,81.0,74.8,54.0,95.0,88.0,74.0,78.08,A
74,74,qdlgghonnywfb@school.edu,9359602634,Acsbmxs Nmmio,72.375,83.8,60.0,64.0,79.0,95.0,75.92375,B
75,75,filtilt@school.edu,7111164818,Aqpwbxj Eqqdg,85.0,74.4,75.0,62.0,91.0,100.0,82.89,A
76,76,gunwpjwdyhy@school.edu,3645588217,Ksoighgkoe Wowjgje,86.0,81.8,71.0,77.0,56.0,87.0,77.68,A-
77,77,iyvpf@school.edu,3109341325,Bcurowvhdt Idgejxolts,83.625,70.6,90.0,55.0,78.0,92.0,79.81625,A
78,78,qgkyltfbwn@school.edu,9436053942,Sftuefch Zheli,89.5,77.4,58.0,66.0,98.0,51.0,73.615,B-
79,79,bxzqdfagsvkvx@school.edu,1319175165,Klttilcos Uparzoto,70.0,75.2,76.0,69.0,79.0,52.0,69.02,C-
80,80,nanalqzdbuikf@school.edu,5778283567,Zaskrpd Wvyffik,77.0,86.0,80.0,76.0,100.0,63.0,78.85,A
81,81,farjvzjo@school.edu,9199241808,Spwgis Dnebtjvv,87.75,91.0,52.0,88.0,88.0,84.0,82.0375,A
82,82,ndyxjvinz@school.edu,2350427247,Qayzr Umjkvobt,77.25,65.6,97.0,96.0,90.0,59.0,80.1225,A
83,83,aolhzzzyej@school.edu,3999091309,Fzlpgtwnae Iuyiztn,85.0,71.2,52.0,99.0,54.0,54.0,69.92,C-
84,84,qtnnxzhb@school.edu,4447959340,Vlgxfzhw Azdacqwy,75.375,73.8,89.0,58.0,66.0,86.0,75.37375,B
85,85,ugtynssr@school.edu,3533404338,Unkvd Wklhreycvv,87.375,73.0,82.0,73.0,53.0,87.0,77.74375,A-
86,86,syxcxxnqzpc@school.edu,5071169070,Egcos Oqitbxm,74.5,84.0,55.0,91.0,62.0,51.0,68.425,D+
87,87,dvtsknvkw@school.edu,7721483740,Nhbsp Dgszg,78.375,84.8,86.0,89.0,50.0,66.0,75.02375,B
88,88,lmflptbpeyx@school.edu,9917919599,Xkmqrmajco Aekrltlrwi,88.25,73.0,90.0,68.0,90.0,72.0,80.9625,A
89,89,aqedjqzbmfbxr@school.edu,5620980513,Vtofduhwe Mozyh,81.0,75.6,95.0,77.0,77.0,83.0,81.76,A
90,90,fjhggllieo@school.edu,8707937116,Qnwnx Vsxbxwy,83.75,74.6,51.0,75.0,99.0,97.0,81.5475,A
91,91,tdyxnkfctsm@school.edu,3011308176,Trotd Uozmlilwe,88.0,73.6,97.0,68.0,100.0,59.0,80.91,A
92,92,ojepdegnadc@school.edu,8724969887,Nlvkc Vrxebowh,77.75,67.6,61.0,61.0,50.0,50.0,61.9975,D+
93,93,ozkgnthagifd@school.edu,6882890198,Mgupxee Xutmz,77.25,69.8,73.0,68.0,99.0,77.0,77.6925,A-
94,94,ntkovbik@school.edu,5363421992,Mepkhiabh Bycsa,80.75,90.4,100.0,87.0,79.0,78.0,84.7275,A
95,95,lefopep@school.edu,6041877725,Abyijegnjm Bnhogaxby,92.0,77.2,51.0,96.0,51.0,64.0,73.22,B-
96,96,zjevufsyv@school.edu,5320792423,Lqsvqkae Aagonsqj,80.75,75.0,63.0,71.0,95.0,98.0,81.6375,A
97,97,rmzvfdqc@school.edu,2367577876,Zytzzz Bzaxqw,74.875,83.2,89.0,84.0,86.0,99.0,85.68875,A+
98,98,glmawo@school.edu,5176254810,Faypt Utcewdmv,81.875,82.8,92.0,88.0,68.0,93.0,84.54875,A
99,99,mfwuaorshy@school.edu,8776893713,Zjsfy Bgkurczuqj,82.25,80.4,71.0,94.0,92.0,59.0,78.9525,A
100,100,qdhepepcaayi@school.edu,4547295787,Nfjgqfqsfz Mwajkkotma,80.75,67.8,93.0,59.0,94.0,68.0,77.4675,A-
101,101,gylrht@school.edu,4805654887,Nzrmlmydal Djegnkxgmd,75.0,74.0,74.0,79.0,67.0,75.0,74.15,B
102,102,eqiezserhuflk@school.edu,1280581755,Astdguuur Smpnvl,80.125,80.0,71.0,52.0,51.0,77.0,69.53125,C-
103,103,vktowtqjrejyy@school.edu,1300481497,Numwacupfa Fiwxjz,72.75,78.2,77.0,66.0,61.0,92.0,75.0075,B
104,104,qockdaepya@school.edu,8084929465,Lzhetcv Ucoqthmfa,73.25,74.4,96.0,90.0,92.0,69.0,81.2525,A
105,105,gqaelhoneev@school.edu,4898102293,Zoxpaxjbde Dlhqub,82.625,78.2,56.0,61.0,70.0,91.0,74.72625,B
106,106,eyyir@school.edu,3019320878,Kvhonqn Knrff,78.0,77.4,80.0,55.0,59.0,85.0,73.34,B-
107,107,cssebvsvdzmxs@school.edu,2770891948,Ogqbyvdrds Uwotru,79.75,81.6,95.0,71.0,57.0,91.0,79.7475,A
108,108,boplid@school.edu,1760148616,Yforasux Klfvza,81.125,80.8,77.0,94.0,97.0,82.0,84.96125,A
109,109,luecdjeomw@school.edu,6658688894,Ezqduegtw Mkkuas,74.25,86.8,66.0,96.0,87.0,66.0,77.7925,A-
110,110,qynfryihrutdg@school.edu,4615152775,Jhcso Yckrwc,79.875,74.4,86.0,94.0,53.0,76.0,77.55875,A-
111,111,ncbfl@school.edu,3180913237,Syrlf Yytuqgf,71.625,79.6,94.0,69.0,93.0,65.0,77.26625,A-
112,112,qvcopqk@school.edu,7633106416,Ftuujny Fsudfpggjk,85.625,66.2,59.0,72.0,99.0,52.0,72.92625,C+
113,113,dtkuetvs@school.edu,2218728864,Fbxfix Txjut,78.375,86.2,81.0,90.0,75.0,60.0,77.11375,A-
114,114,xcffbrqnu@school.edu,9908325406,Uufdotqlyz Efohbrtxh,83.75,85.4,80.0,76.0,77.0,70.0,78.4275,A
115,115,ierurjczyulg@school.edu,4784887422,Druxmwdamc Xjlmjnvb,81.625,73.8,56.0,70.0,51.0,93.0,72.93625,C+
116,116,qkkrvoyzbui@school.edu,6947336674,Yvorivep Yffua,75.875,76.4,75.0,67.0,72.0,89.0,76.50875,B+
117,117,lgolbsc@school.edu,1429661870,Roxzehgydv Asaqsa,85.5,85.0,62.0,93.0,79.0,89.0,82.775,A
118,118,zzughrqn@school.edu,3211305037,Skbxe Gpulvmyrz,76.75,88.2,90.0,90.0,100.0,79.0,85.8075,A+
119,119,gomxj@school.edu,3723076187,Zepohxz Uypotde,85.125,70.6,62.0,63.0,97.0,62.0,74.04125,B
120,120,mdsslmvaihx@school.edu,3795993460,Joxivvft Fvdfurmc,83.25,86.8,70.0,94.0,72.0,86.0,82.0925,A
121,121,evexcxvsh@school.edu,6669633220,Vinfua Yqzvo,69.25,76.8,95.0,92.0,62.0,70.0,76.3425,B+
122,122,zlkykdjmwzzx@school.edu,9536648218,Kgkodeova Kykngto,86.125,75.8,56.0,89.0,84.0,91.0,81.66125,A
123,123,sgiqbxhm@school.edu,3800600807,Feeiq Dkyzty,86.125,80.8,85.0,82.0,80.0,90.0,84.66125,A
124,124,jokngypargc@school.edu,1507825370,Icqihh Jeljhgzhr,72.0,75.8,100.0,61.0,79.0,91.0,79.78,A
125,125,rvhwjxc@school.edu,3635443040,Hbaji Qasdanbq,81.875,62.0,87.0,54.0,57.0,99.0,76.16875,B+
126,126,nvucfxp@school.edu,4494386748,Yoogkynl Simafe,64.125,72.4,87.0,63.0,81.0,66.0,71.12125,C+
127,127,ynettaz@school.edu,7463088092,Bevpottfzv Ejplmapki,79.0,79.8,81.0,60.0,100.0,80.0,79.88,A
128,128,zdxpx@school.edu,6723888551,Gslhmsu Pobrikdr,85.875,66.0,59.0,56.0,79.0,64.0,69.96875,C-
129,129,dqzlx@school.edu,5188341778,Xvbjawrxla Ufjbxxc,74.625,69.8,68.0,88.0,55.0,91.0,75.48625,B
130,130,mbdyptlhksfq@school.edu,5909608393,Clnldfd Wzsxpvgzv,78.625,78.8,98.0,81.0,98.0,57.0,80.48625,A
131,131,tpsria@school.edu,1451931248,Fjhquze Lnabjefjp,78.25,65.4,53.0,70.0,98.0,80.0,75.2525,B
132,132,arcyr@school.edu,8325245100,Lssfeqpqqf Hsizxtl,77.125,85.0,88.0,81.0,82.0,82.0,81.83125,A
133,133,aiibbndaowg@school.edu,1771079312,Wtcggehf Qxvclz,88.125,67.0,51.0,79.0,84.0,67.0,74.23125,B
134,134,bhbokaxibpo@school.edu,9474729374,Vzfrtzx Crcxus,89.375,78.2,60.0,73.0,62.0,67.0,72.81375,C+
135,135,ldyiv@school.edu,6358441354,Sjrzgxtycz Ybazuhwnmt,84.375,72.4,100.0,97.0,67.0,55.0,78.93375,A
136,136,olerlh@school.edu,8509651030,Sntfiz Tadqxtns,68.125,71.0,97.0,55.0,85.0,57.0,71.08125,C+
137,137,jevoruyz@school.edu,1201926398,Kgtbkc Wrgivpd,87.625,78.8,65.0,71.0,55.0,61.0,70.63625,C
138,138,zceorhxu@school.edu,8042890882,Kbeljfehr Etnphjwp,78.125,79.4,64.0,60.0,100.0,81.0,77.27125,A-
139,139,jrfdrctpxetr@school.edu,5377163199,Kurjqdh Snwxbd,77.375,67.6,58.0,94.0,93.0,78.0,78.45375,A
140,140,auagoiszoj@school.edu,3026974696,Zxzjpanbm Ozdpdfzvf,82.875,78.8,69.0,67.0,93.0,54.0,73.74875,B-
141,141,qkmsgil@school.edu,3101634737,Zqeovpmtg Ujsdsmsl,79.625,82.0,93.0,69.0,90.0,87.0,83.30625,A
142,142,ehngvcg@school.edu,1489983878,Xoydu Lccprmji,72.25,87.2,55.0,66.0,78.0,71.0,70.8325,C
143,143,bqbrbhgbwkrne@school.edu,3436714215,Xunrcftam Kuiaywpegm,72.75,77.0,92.0,77.0,77.0,61.0,74.9875,B
144,144,gyxvm@school.edu,7111529440,Whgefhu Ozbkwy,85.375,69.6,63.0,59.0,91.0,75.0,75.25375,B
145,145,ezmvgbmz@school.edu,3325011498,Eisatjk Uqfqxnfti,71.375,87.2,83.0,61.0,90.0,72.0,76.06375,B+
146,146,wifibiaakwyty@school.edu,3514267308,Wzszksdml Znzckqodvn,70.125,78.4,91.0,53.0,85.0,85.0,76.72125,B+
147,147,aicarkbbw@school.edu,3963537127,Jqirhfn Rxnxh,80.875,72.8,60.0,64.0,59.0,68.0,68.54875,D+
148,148,lhseucnsk@school.edu,1955632338,Jzepgvbji Otazzgew,78.875,76.2,94.0,69.0,55.0,59.0,71.83875,C+
149,149,dnmbaooal@school.edu,5028812355,Zafzbynay Tlmmsd,75.375,93.4,69.0,96.0,88.0,74.0,80.93375,A
150,150,lnkkoyxilu@school.edu,3752044558,Pzsmvyxlg Jtyvqllu,82.25,75.0,58.0,89.0,90.0,88.0,81.2125,A
151,151,ujsfdlbvkv@school.edu,8111513143,Gfyyjdo Fcsedwndcn,88.5,78.0,93.0,84.0,85.0,69.0,83.025,A
152,152,dkdpp@school.edu,7175443711,Wvltun Uwqlr,79.125,77.0,95.0,70.0,93.0,81.0,82.38125,A
153,153,udpvpwflbf@school.edu,3485281165,Dfnnlse Fxjfa,87.375,90.4,51.0,59.0,98.0,84.0,78.88375,A
154,154,ytmagfvsgrdoi@school.edu,1081596471,Fwkcl Meytw,81.625,86.6,75.0,97.0,93.0,97.0,88.21625,A+
155,155,sukgl@school.edu,1245444037,Rrplolmd Czsape,80.0,70.4,97.0,58.0,85.0,56.0,74.24,B
156,156,wvcbtvats@school.edu,6084097961,Vccfdgww Hojznxx,77.875,70.4,67.0,84.0,78.0,66.0,74.05875,B
157,157,kuonnwa@school.edu,3113536912,Mihykix Nmgimuolgj,80.375,79.4,55.0,61.0,100.0,55.0,71.43375,C+
158,158,gqkdecq@school.edu,1875895732,Koqaewu Dwodohmw,69.625,84.4,72.0,71.0,100.0,87.0,79.69625,A
159,159,wyjyjblvlngdg@school.edu,5994000187,Qtsozfml Dbgkpjox,84.125,87.6,68.0,97.0,61.0,52.0,74.09125,B
160,160,gyjchxywijyah@school.edu,9151370651,Qjpyk Btvojqoyl,82.5,75.0,69.0,69.0,70.0,88.0,76.925,B+
161,161,tismk@school.edu,6856512468,Semjqw Kigex,76.5,89.8,61.0,54.0,72.0,96.0,75.355,B
162,162,rnvlgcky@school.edu,3092419504,Upmublgvp Rvnrfov,77.125,81.0,98.0,59.0,67.0,66.0,74.18125,B
163,163,csxrgxvnjrabw@school.edu,8701318347,Rdivhji Lpykwvjuju,86.0,76.6,57.0,100.0,86.0,79.0,81.41,A
164,164,bjkykpnuunw@school.edu,5106227812,Djdubtesq Inbhftyddt,78.75,84.0,94.0,98.0,100.0,73.0,86.4875,A+
165,165,upqvmwgezsicv@school.edu,2888463812,Gscrvkoc Wreltkstu,77.125,87.2,52.0,70.0,63.0,100.0,75.75125,B
166,166,mwasuuvyrt@school.edu,3260339241,Huahruk Zelqs,87.5,77.6,67.0,50.0,99.0,86.0,79.235,A
167,167,qxrug@school.edu,4626402864,Tvsvmkkjwv Mxibd,70.25,61.2,67.0,78.0,82.0,71.0,71.9325,C+
168,168,sxprtva@school.edu,5011571412,Qkgfxhhnkw Ablnnkpuy,72.25,76.2,56.0,97.0,70.0,56.0,70.3325,C
169,169,pvrzelrki@school.edu,6930936089,Krqdg Wwsaqal,78.375,83.2,62.0,95.0,77.0,79.0,78.81375,A
170,170,fukxyuyxshyk@school.edu,8532114058,Vdnuhmamxy Boqmhbcejy,75.75,78.6,89.0,52.0,59.0,82.0,73.1975,B-
171,171,vqnrrm@school.edu,5561803009,Pkwxrodisr Prfkywk,73.875,84.4,61.0,50.0,64.0,62.0,65.55875,D+
172,172,pvybbz@school.edu,4722133718,Zstap Pryfhykkp,75.75,81.8,100.0,92.0,99.0,100.0,90.7675,A+
173,173,kbckjow@school.edu,3474102158,Lgleweoyu Xpyir,75.5,80.8,63.0,78.0,95.0,72.0,76.755,B+
174,174,wwsghkatcsw@school.edu,4867280283,Lvllzyew Urbmcry,80.625,80.6,74.0,64.0,63.0,92.0,76.76625,B+
175,175,abrxqmm@school.edu,5326966183,Extcro Fxvhwk,84.5,69.8,95.0,84.0,87.0,67.0,81.405,A
176,176,ziocfjqx@school.edu,6945976599,Lqqccm Cmsppx,78.625,82.0,61.0,79.0,66.0,78.0,74.35625,B
177,177,edvnesgv@school.edu,7855205258,Mrjdx Mraioubb,78.25,80.0,58.0,64.0,94.0,74.0,74.7625,B
178,178,wudxxvypbqxx@school.edu,9003867840,Cabmpjgo Ksqtakbx,78.5,81.4,92.0,78.0,64.0,71.0,77.065,A-
179,179,ptvnbx@school.edu,4497866582,Slytffoed Ounxadiyub,76.375,91.2,82.0,93.0,91.0,74.0,82.91375,A
180,180,osgde@school.edu,7748248844,Bcnvdjphyl Ptsqkjt,84.875,68.6,100.0,83.0,85.0,85.0,85.27875,A+
181,181,nehowtxtgug@school.edu,9698728975,Jbxphi Xwyapt,78.125,66.6,90.0,62.0,56.0,79.0,73.19125,B-
182,182,woijfnok@school.edu,9671113753,Dzcptnnles Nrckjq,84.125,60.4,85.0,97.0,80.0,67.0,79.77125,A
183,183,evqfq@school.edu,4003480575,Xvmcj Bqaugn,84.75,82.2,76.0,84.0,98.0,89.0,85.9075,A+
184,184,edevibsyhfvcf@school.edu,9003167708,Niccp Qvcxojlrc,67.25,80.8,84.0,51.0,61.0,91.0,72.4925,C+
185,185,bbamiwhqdfgy@school.edu,1938487310,Tomvulpqew Vrzocqeloy,75.125,72.2,59.0,98.0,87.0,75.0,77.60125,A-
186,186,yssox@school.edu,5338658206,Zsnfgbcxhe Ahxmkngaqf,79.125,91.4,59.0,55.0,65.0,74.0,70.57125,C
187,187,wecimc@school.edu,5666678255,Fjmsofcbh Xkfsy,67.875,73.0,52.0,71.0,57.0,82.0,67.66875,D+
188,188,aassosvjyjnnz@school.edu,7739527497,Sonaaib Supbhm,81.25,77.8,83.0,89.0,79.0,93.0,84.3425,A
189,189,ruuqztm@school.edu,5514415222,Awnvmjgzwd Mpinhyjhfa,85.75,85.4,57.0,57.0,73.0,81.0,74.2275,B
190,190,hjqymvxk@school.edu,2514090629,Nrhfkg Svchqsyyj,83.375,78.6,96.0,85.0,73.0,94.0,85.60375,A+
191,191,ggmrvuqwijy@school.edu,2645806958,Ruuizcqb Xbwpsf,82.75,86.6,55.0,75.0,62.0,94.0,76.9475,B+
192,192,jxufnn@school.edu,1039539394,Ahpxni Jrhlrbpcqg,78.375,86.8,63.0,51.0,89.0,66.0,71.92375,C+
193,193,bzwhvwvg@school.edu,4208940015,Edxzvnrgra Ljoulpoou,78.125,77.4,93.0,67.0,59.0,88.0,77.72125,A-
194,194,ephab@school.edu,3993421577,Qjyea Wsxwskho,77.875,81.4,81.0,62.0,83.0,51.0,71.70875,C+
195,195,axtobabnbs@school.edu,9925165176,Iqnww Pskipwmhwm,72.375,87.6,51.0,81.0,87.0,92.0,78.10375,A
196,196,kirqmiedvqqwg@school.edu,3376678703,Objbflexm Ozctparqim,73.875,74.6,73.0,64.0,95.0,86.0,77.92875,A-
197,197,hizbppzvcmpb@school.edu,9072935042,Rkfdzpxxx Ryvfck,79.25,86.2,72.0,89.0,73.0,50.0,73.5325,B-
198,198,eflrlxcmsq@school.edu,5116044855,Lomqmr Kwkkrgowpd,85.125,87.2,56.0,84.0,67.0,73.0,75.65125,B
199,199,dlnxljqdymrzp@school.edu,1570615496,Zvoyrdsssq Xieieqow,85.625,79.2,61.0,97.0,59.0,61.0,74.07625,B
200,200,zqrbpk@school.edu,3973566964,Uxugqomexr Snnrnwpg,87.5,69.6,94.0,76.0,63.0,76.0,78.985,A
201,201,osutq@school.edu,1847988281,Jzjszgwaj Nepkrdl,75.0,90.8,58.0,90.0,68.0,88.0,77.83,A-
202,202,mcjiuytcd@school.edu,2407726067,Fyxueqvjqt Cygzlcalzz,84.625,74.6,74.0,80.0,92.0,66.0,78.71625,A
203,203,pauavk@school.edu,1478695622,Mesjr Hsvdabtyz,81.25,74.0,53.0,67.0,58.0,98.0,74.0125,B
204,204,dtconpef@school.edu,3755603229,Yzqka Pxdzc,65.375,80.2,52.0,95.0,65.0,51.0,66.36375,D+
205,205,rmerohy@school.edu,8822231334,Fbxncvnv Olpabyhqt,71.375,85.4,57.0,87.0,86.0,87.0,78.28375,A
206,206,rbwllntyw@school.edu,6899091323,Pznloganj Rzovcxyp,80.125,79.2,58.0,56.0,89.0,56.0,69.60125,C-
207,207,dqtefbabyzqur@school.edu,1816784024,Iyxmjdzw Vprctavvbo,79.75,74.6,86.0,66.0,70.0,77.0,76.0975,B+
208,208,uvtxkdpgila@school.edu,3068193650,Xnoswvtww Gxfuwbrq,71.75,85.4,51.0,98.0,99.0,81.0,79.8775,A
209,209,wswgonik@school.edu,3673408512,Luprd Siijxfxm,76.5,76.0,61.0,96.0,91.0,77.0,79.325,A
210,210,fyqimnc@school.edu,9957436379,Modesgeikw Ehslsxbrm,78.625,83.0,85.0,64.0,55.0,67.0,71.95625,C+
211,211,drjti@school.edu,4669779826,Gdqfapenvb Zopioceopv,69.875,83.0,71.0,94.0,90.0,59.0,75.81875,B
212,212,upzmngzwfrbye@school.edu,4057215078,Zbinapjbxb Rsoblqmea,82.375,67.4,57.0,87.0,81.0,63.0,73.68375,B-
213,213,shlxadovna@school.edu,7956316688,Fzuvisg Pjimnd,70.5,79.8,75.0,67.0,65.0,65.0,69.655,C-
214,214,afebvht@school.edu,8270763829,Oznuv Shamzbzdz,75.0,70.2,52.0,91.0,80.0,50.0,69.22,C-
215,215,gkzzouoaikerf@school.edu,4758475498,Owxmpsb Nwqtc,81.5,79.8,83.0,95.0,58.0,52.0,74.155,B
216,216,gxybkahjo@school.edu,6414639555,Gpyyraovu Zjoqhrig,78.125,78.8,57.0,80.0,51.0,85.0,72.61125,C+
217,217,ockemvduzsgjy@school.edu,5946036154,Yxmupuq Zyyns,90.75,82.4,50.0,56.0,61.0,51.0,66.1775,D+
218,218,mcgotkovjosmh@school.edu,1274030699,Enjnf Axbnpufjzm,81.875,85.4,60.0,57.0,90.0,100.0,80.05875,A
219,219,uizgcvcbgnjw@school.edu,8975553717,Rscstwidu Kmyevuqlw,85.0,71.6,62.0,94.0,71.0,89.0,80.26,A
220,220,qxrpgepgyvdr@school.edu,7081799272,Xhoooish Hmdvjm,72.0,85.6,50.0,91.0,70.0,65.0,71.21,C+
221,221,sbjbdyzjlhfy@school.edu,3460263208,Zaqeykes Redaffyj,74.75,80.8,54.0,65.0,62.0,53.0,64.5175,D+
222,222,jegarpemvkq@school.edu,2086302729,Cbsfcvjmca Zditg,77.125,81.0,97.0,65.0,86.0,61.0,76.78125,B+
223,223,gsimcitwsdikv@school.edu,9785629593,Czkohjxsd Yryhccdgme,82.5,89.2,92.0,86.0,79.0,62.0,80.495,A
224,224,pmtyixgpommw@school.edu,3337423813,Blbmdmyrt Ueuuekr,78.125,73.4,82.0,61.0,76.0,82.0,76.12125,B+
225,225,fnsqqpq@school.edu,2776007265,Qgxbttm Qwaqq,82.875,83.4,59.0,86.0,89.0,86.0,81.35875,A
226,226,kywktuoit@school.edu,1140109722,Wpxrumnb Jlroljsnm,88.25,87.8,71.0,71.0,73.0,97.0,82.4925,A
227,227,cfpxszghu@school.edu,9605847435,Jmsifwzqnj Toizmi,75.25,85.2,57.0,97.0,53.0,52.0,68.7825,D+
228,228,cxjtvzvpvhn@school.edu,7517200061,Yuerfnqtm Acipqlunm,88.625,85.0,87.0,61.0,82.0,83.0,81.75625,A
229,229,grkdhvapexgs@school.edu,8692708171,Kjvdxj Wrgmfpbs,78.0,74.2,51.0,73.0,73.0,89.0,74.27,B
230,230,kbzpmogymhoq@school.edu,3932308099,Dmyejl Hxsdfhkrhb,86.375,73.2,55.0,78.0,65.0,55.0,69.61375,C-
231,231,ccatbijfmy@school.edu,4705653589,Mduzs Rhcayoyugb,75.5,71.0,69.0,74.0,83.0,95.0,78.875,A
232,232,aiphkijc@school.edu,3105160513,Rxtvins Dtesm,84.25,76.2,80.0,70.0,57.0,89.0,77.5325,A-
233,233,tgiepxpwg@school.edu,1441331476,Gekkqe Rnjzdoa,76.875,76.4,71.0,51.0,55.0,89.0,71.20875,C+
234,234,xyecbmbg@school.edu,9486058581,Wyxailysva Fzfwqynddp,76.125,82.2,74.0,84.0,76.0,87.0,79.75125,A
235,235,hyavu@school.edu,9615792820,Rdlrte Veigtc,87.625,80.8,79.0,62.0,61.0,56.0,71.48625,C+
236,236,adgzmrwigtups@school.edu,7500997562,Ahhbohvmtu Ojxxn,77.75,75.4,84.0,71.0,61.0,57.0,70.7775,C
237,237,bnbbzmp@school.edu,7586135659,Uidmazr Ilrcybj,79.75,86.8,68.0,77.0,78.0,64.0,74.8675,B
238,238,qqzxqocgemv@school.edu,1922185759,Ovbzzk Idfhq,78.75,74.6,72.0,50.0,65.0,64.0,67.9975,D+
239,239,csdbxf@school.edu,1622983839,Cwulm Tarbnj,89.375,80.6,91.0,54.0,77.0,93.0,82.30375,A
240,240,uumlmoumwmebr@school.edu,5129104612,Ffzkxovenq Azgjlxaavs,74.5,90.4,58.0,77.0,73.0,80.0,74.865,B
241,241,qwbgsgaddmaf@school.edu,4092052779,Qlmxbixa Ltxggwdr,80.5,84.6,64.0,89.0,67.0,69.0,75.385,B
242,242,ymecrbtud@school.edu,4691590872,Mppgltqe Tgtoneapp,78.0,80.2,63.0,79.0,90.0,97.0,81.72,A
243,243,zvkoghs@school.edu,2847661292,Acyxbyq Sipkohucz,78.25,77.8,92.0,98.0,99.0,66.0,83.8925,A
244,244,ffcqnvmmjdakv@school.edu,1236095766,Nmtjc Luzceb,83.25,75.2,94.0,82.0,99.0,60.0,81.5825,A
245,245,ndxde@school.edu,1803159941,Foggksio Xawvuvymj,84.0,77.2,65.0,57.0,97.0,58.0,73.17,B-
246,246,jarechjiqhv@school.edu,2584124840,Nlpdgrzih Sgckz,75.875,69.6,54.0,86.0,94.0,80.0,77.02875,A-
247,247,phwqnbcc@school.edu,4482068504,Ysxdjzawm Rwqrdvbnmp,71.875,70.6,78.0,80.0,70.0,68.0,72.82875,C+
248,248,wlhlg@school.edu,2164213951,Oekjlxxsi Gyffgon,81.75,91.2,86.0,86.0,55.0,68.0,77.2075,A-
249,249,ocayf@school.edu,5163800788,Zqlpbd Hvruba,85.125,82.2,82.0,78.0,66.0,69.0,77.20125,A-
250,250,tfepdpw@school.edu,7563948088,Ctglxtxqm Tgenmndxv,77.75,75.6,54.0,50.0,99.0,56.0,68.6475,D+
251,251,dybqpddihdxjh@school.edu,1058702021,Acbpe Zenwwoyk,74.375,84.6,80.0,69.0,72.0,72.0,74.60375,B
252,252,johwynwl@school.edu,7001827588,Ojqpiuz Ytizxslx,78.0,82.0,95.0,80.0,88.0,64.0,79.95,A
253,253,bltnlbdjmzjr@school.edu,8921733891,Ubyafhn Wbgphx,83.625,83.2,69.0,93.0,60.0,72.0,76.92625,B+
254,254,dentrr@school.edu,9184375449,Qwrazxo Xaswfhpyji,80.5,79.0,54.0,96.0,71.0,77.0,76.575,B+
255,255,mfsgz@school.edu,4285973397,Ekhhxcb Nmacx,78.5,75.6,55.0,50.0,66.0,75.0,67.835,D+
256,256,mwtvybsxfitl@school.edu,9236006156,Uwkcbu Qxztplr,69.5,81.4,58.0,77.0,86.0,90.0,76.665,B+
257,257,rkbfc@school.edu,4247773339,Wtlmwttge Rgtkshl,81.625,79.4,98.0,75.0,62.0,50.0,73.59625,B-
258,258,jwwwwpy@school.edu,7449928772,Yqnbtjc Tzmjk,86.75,74.6,78.0,100.0,74.0,83.0,83.5475,A
259,259,vxfognuurbssp@school.edu,1271458515,Qomdghsxk Kbbeydfde,70.125,75.4,89.0,87.0,83.0,71.0,78.12125,A
260,260,indboao@school.edu,6272142821,Rwzpfhmo Nckaah,68.375,89.0,80.0,57.0,79.0,79.0,74.19375,B
261,261,wtwzr@school.edu,6453147746,Qpolkerui Pwqsoptw,79.875,73.8,89.0,56.0,63.0,86.0,75.74875,B
262,262,hbvcmx@school.edu,8043458650,Btcoz Pflfc,71.75,82.4,78.0,71.0,70.0,56.0,70.2275,C
263,263,eojyuwum@school.edu,6080208657,Ymxbueda Ysgrkig,81.5,84.4,100.0,92.0,89.0,53.0,81.565,A
264,264,jloyzqevs@school.edu,2758163455,Kjdbdyi Vamjmtucim,75.25,84.6,58.0,97.0,98.0,87.0,82.6225,A
265,265,mrxjtctfywm@school.edu,1448352587,Lsaiopmpsx Gfxvtycac,75.5,77.4,53.0,56.0,92.0,57.0,68.165,D+
266,266,hqogeyrlom@school.edu,3065767486,Ttanfbwgef Dqiyiz,80.0,76.2,96.0,82.0,50.0,66.0,75.02,B
267,267,psarh@school.edu,3774821269,Rwtzmmlpk Oxtsawe,79.375,81.0,75.0,94.0,71.0,94.0,82.74375,A
268,268,ghiffvckofj@school.edu,2502939050,Bxueox Astxsokbxx,73.625,70.6,77.0,85.0,86.0,99.0,82.46625,A
269,269,usgbdsjcoodoc@school.edu,1516243958,Animbuk Dbngegngcp,82.25,75.6,64.0,99.0,87.0,69.0,79.4225,A
270,270,urtuuzmwnslai@school.edu,8288304373,Irkvecpiqw Efbtdwefl,78.875,81.4,91.0,51.0,64.0,52.0,69.15875,C-
271,271,vdwextewxbero@school.edu,6528622386,Yyhpvezisv Msddhqw,81.375,77.2,67.0,84.0,68.0,85.0,77.91375,A-
272,272,tkkxrhtzds@school.edu,1439079821,Ireneta Bjktvc,78.75,79.8,95.0,89.0,59.0,90.0,82.1175,A
273,273,dvgkpvutb@school.edu,9036513862,Ywuunlzyp Sbluh,79.0,83.2,96.0,58.0,72.0,64.0,74.77,B
274,274,gvhyomredduig@school.edu,1608641390,Nibwodx Vileflanu,80.625,84.8,96.0,62.0,58.0,86.0,78.23625,A
275,275,orsyywvpv@school.edu,3191595283,Onslh Xqpltcj,87.125,84.2,98.0,88.0,97.0,70.0,86.65125,A+
276,276,ivnfqraieom@school.edu,4045790475,Bopbxs Sldwmgl,81.125,80.6,61.0,77.0,57.0,72.0,71.99125,C+
277,277,kxkiwudzs@school.edu,8621742228,Dexzbydc Qekbn,84.75,85.6,74.0,50.0,65.0,76.0,73.2975,B-
278,278,vqpufmr@school.edu,8208647133,Isgch Drhjofsyr,77.5,74.0,61.0,70.0,68.0,67.0,70.025,C
279,279,ljorvbuuf@school.edu,4618405034,Oovaazr Kfsnxtglb,81.25,94.0,73.0,51.0,81.0,91.0,78.6625,A
280,280,xxtfkbksiea@school.edu,6050610870,Ezzmtggcnc Rjzmlb,76.0,84.0,75.0,89.0,64.0,60.0,73.6,B-
281,281,hiwveswdcs@school.edu,3508480642,Mcygpvqihc Nlosrvovuu,81.375,85.8,64.0,58.0,95.0,72.0,75.87375,B
282,282,teiqv@school.edu,4721917700,Gzgmpzuwr Lutpo,68.125,71.6,73.0,99.0,73.0,97.0,80.34125,A
283,283,fifphuwgqd@school.edu,4080635665,Hvjybcgxcj Ivzmx,85.0,72.2,93.0,68.0,63.0,84.0,78.87,A
284,284,pdhnrgy@school.edu,3775234680,Fjpcjwuvcq Wehlt,75.875,88.2,84.0,96.0,80.0,67.0,80.18875,A
285,285,zfclmapswpwgj@school.edu,2206188491,Hncbh Tmeruiodpl,84.25,86.0,100.0,63.0,59.0,58.0,74.5625,B
286,286,ybxrstowdzh@school.edu,5854699202,Eeonkvxlij Kynuvhsugq,82.625,87.8,59.0,78.0,85.0,87.0,80.13625,A
287,287,urvojmscf@school.edu,4710013365,Ysyprwwd Othjuiswij,74.875,68.0,77.0,68.0,73.0,92.0,76.61875,B+
288,288,fbroduisx@school.edu,3415155056,Vxsxe Covpnl,76.875,70.4,80.0,63.0,53.0,71.0,69.85875,C-
289,289,yyrqru@school.edu,7603548282,Tlypdbspzd Zsbkecvb,78.875,68.0,64.0,99.0,68.0,61.0,73.36875,B-
290,290,kcfjidcleax@school.edu,3711729540,Umrcawxck Xoeuc,79.0,75.4,93.0,86.0,62.0,100.0,83.44,A
291,291,cznmkylyjp@school.edu,3302505259,Ocwyluak Emikpoadfu,85.625,89.2,94.0,83.0,74.0,100.0,87.97625,A+
292,292,zdlutvfs@school.edu,8033419451,Uqymrau Rupoa,67.75,73.4,66.0,82.0,50.0,82.0,70.3775,C
293,293,qoiogv@school.edu,8711804748,Fsurhydmk Nwldx,71.875,76.2,98.0,94.0,70.0,86.0,82.08875,A
294,294,bgrdswotlkhq@school.edu,5201854753,Tvktrwrpb Geksp,76.125,83.0,92.0,67.0,93.0,59.0,76.93125,B+
295,295,ykyllwwwhrs@school.edu,1542839275,Etjus Rysmzbvcnw,80.0,82.0,52.0,56.0,91.0,61.0,70.25,C
296,296,qelarwco@school.edu,6128275489,Bgdugqdv Fbnodgxld,78.375,75.0,58.0,72.0,85.0,98.0,78.94375,A
297,297,vysulneamuuh@school.edu,2477152185,Asgfh Ybmjjjq,84.0,77.2,64.0,69.0,65.0,51.0,68.62,D+
298,298,cdgzkgjzjdh@school.edu,2742055448,Kypsb Rinqj,77.625,83.4,68.0,77.0,87.0,73.0,77.14625,A-
299,299,kdrswtdea@school.edu,4860551830,Svwtftsxpl Pltdiaby,79.875,78.8,51.0,51.0,59.0,82.0,68.39875,D+
300,300,qsudpaaf@school.edu,8927184021,Urtayj Rrtbdyyan,79.625,76.0,65.0,57.0,86.0,86.0,75.90625,B
301,301,bscwdhbqz@school.edu,5967321633,Yvnozm Dcbruzkky,88.125,76.8,63.0,52.0,76.0,70.0,72.36125,C+
302,302,stcndeclb@school.edu,8973808019,Pvoxrhct Ocrnp,85.375,84.8,64.0,75.0,89.0,73.0,78.62375,A
303,303,ydrrjmlebc@school.edu,6452763172,Zykbqrnrc Yjmwjhqsj,69.625,69.2,54.0,57.0,63.0,99.0,70.22625,C
304,304,xildnkmdtouhh@school.edu,9191014162,Dvxks Kgubixzqtl,82.375,79.8,62.0,52.0,60.0,86.0,71.87375,C+
305,305,qxvaax@school.edu,8770463567,Juklen Tbhyycxj,85.25,77.2,65.0,99.0,86.0,81.0,82.7325,A
306,306,wrtvofomtd@school.edu,2797880739,Qhbhyqortp Ijhhaac,90.25,82.2,99.0,78.0,54.0,50.0,75.4325,B
307,307,ijqgctzps@school.edu,7660636742,Amupf Iuzdd,90.625,72.4,90.0,63.0,88.0,82.0,82.44625,A
308,308,zzzjhwtx@school.edu,3727031896,Oaelmh Mspfsrrb,80.875,90.8,65.0,56.0,78.0,52.0,69.54875,C-
309,309,rgceocyv@school.edu,5460244389,Srxbukdbvn Qxqblxkarh,78.125,69.0,53.0,73.0,76.0,87.0,74.13125,B
310,310,ysviwokyklxyx@school.edu,2571691519,Tywgv Wnsdhx,81.5,85.4,86.0,77.0,94.0,89.0,85.265,A+
311,311,acnbj@school.edu,2436838587,Tgznjkwgpg Xroidgncfb,79.75,88.4,51.0,81.0,88.0,99.0,81.5775,A
312,312,cptgnlevckl@school.edu,4111039856,Xgdnlejox Tdiund,75.875,73.8,54.0,78.0,74.0,80.0,73.24875,B-
313,313,vwfkfu@school.edu,9057590146,Fdmlzk Mgziyybvt,79.125,86.4,89.0,70.0,79.0,95.0,83.12125,A
314,314,qgvlmdsjhr@school.edu,8523297616,Igowy Maxbz,88.25,86.6,65.0,83.0,81.0,87.0,82.4725,A
315,315,novtbhnoedern@school.edu,8654191837,Jdtlfbngcn Txvbfrlksj,84.5,64.2,53.0,84.0,85.0,55.0,71.845,C+
316,316,xyvql@school.edu,6286143687,Tcatrpeto Baulczx,82.75,77.6,71.0,86.0,87.0,100.0,85.0475,A+
317,317,gbiftuk@school.edu,7613727697,Olzry Bipsk,91.625,68.6,94.0,64.0,66.0,54.0,74.16625,B
318,318,igqfqhahamlv@school.edu,5206343196,Adcazgevn Blgwiyzsvw,70.125,79.0,98.0,55.0,89.0,57.0,73.13125,B-
319,319,wtkjqurz@school.edu,1797897696,Evedsljiws Nfoyptpjon,77.5,75.2,91.0,90.0,91.0,86.0,84.895,A
320,320,scxhkovq@school.edu,7698867947,Ihggcv Dmnxtv,79.75,73.2,94.0,54.0,82.0,85.0,78.7575,A
321,321,gwztcup@school.edu,8973193688,Yyrjybekp Zepvfh,87.75,67.0,71.0,87.0,80.0,55.0,75.3375,B
322,322,dmint@school.edu,7843642297,Uhtns Dtyegxiu,76.625,87.6,78.0,84.0,60.0,83.0,77.81625,A-
323,323,usrvdh@school.edu,8469338891,Hdlfbyiwn Qoydr,79.375,76.6,77.0,59.0,77.0,56.0,70.65375,C
324,324,okaum@school.edu,8126629819,Eaoiscb Djccl,90.375,68.0,97.0,92.0,66.0,100.0,87.64375,A+
325,325,xboqizopezj@school.edu,2952422339,Lbjql Ejliu,80.25,76.6,87.0,93.0,53.0,73.0,77.2725,A-
326,326,oouwu@school.edu,9947151379,Arlqxpf Tlwqtt,84.25,83.4,70.0,72.0,76.0,67.0,75.5025,B
327,327,qwxjvttbcqnww@school.edu,4842251406,Frtfbf Utoamjsaaw,80.25,83.6,65.0,54.0,62.0,77.0,70.9725,C
328,328,napcgsjxp@school.edu,4123734029,Ozvorn Uyfzbah,75.75,80.4,84.0,73.0,53.0,54.0,69.2775,C-
329,329,mttuspxwxj@school.edu,4507339229,Mlgcvnl Hhtwykzees,84.75,77.4,90.0,62.0,50.0,77.0,74.6275,B
330,330,uiikagteksj@school.edu,4360696805,Icujseywve Fpncbdrw,76.625,75.0,75.0,54.0,54.0,87.0,71.50625,C+
331,331,neacayeeku@school.edu,1619150239,Tlaqv Liimorkaw,77.5,82.2,62.0,82.0,68.0,65.0,72.395,C+
332,332,xdjhzam@school.edu,1980590144,Jrcrg Srxbezkhch,87.75,81.4,76.0,76.0,76.0,67.0,77.6775,A-
333,333,pgrwugzatjys@school.edu,7096180190,Tbcxlbg Axaqtw,80.875,73.6,52.0,66.0,88.0,59.0,70.27875,C
334,334,agvnbdg@school.edu,7292031738,Gdggm Anuqstnwp,76.75,82.6,83.0,62.0,64.0,61.0,70.9975,C
335,335,esfaviohns@school.edu,1610555534,Bimsaf Hfevftykp,83.5,73.4,53.0,81.0,66.0,61.0,70.415,C
336,336,kgjptkgzwf@school.edu,6428660926,Wzecagareb Fkbpqazel,78.125,75.2,72.0,73.0,91.0,66.0,75.65125,B
337,337,xziacwygahk@school.edu,9652475528,Rsefd Ogmbabhwge,90.125,74.6,86.0,92.0,55.0,93.0,83.54125,A
338,338,bjtqidhoijrc@school.edu,3103184056,Qqrirhhae Ufenrcrxhv,85.0,83.0,62.0,57.0,58.0,68.0,69.7,C-
339,339,cscmhpwudj@school.edu,9041620631,Aeokhmgkd Qplfpstwp,81.875,73.6,53.0,86.0,78.0,74.0,75.17875,B
340,340,nkgwxjy@school.edu,9925627242,Eazccmjw Kkybzmo,77.0,87.8,85.0,56.0,95.0,56.0,74.63,B
341,341,yktqzpzawj@school.edu,8684630040,Vzejqkkthc Pdkqwpn,81.875,78.6,90.0,50.0,88.0,99.0,82.32875,A
342,342,nozqtfk@school.edu,8298571279,Eyrxolb Vxmuqsuzgf,79.875,75.4,52.0,53.0,81.0,69.0,69.20875,C-
343,343,bakrogjj@school.edu,6477498354,Fdvyhdmopt Ynmpaa,85.125,75.0,91.0,100.0,90.0,98.0,90.53125,A+
344,344,tbautsokmgd@school.edu,8291014110,Uvwzxpk Botsh,86.25,83.8,56.0,64.0,83.0,59.0,72.1925,C+
345,345,zaxfwzdqde@school.edu,8072317686,Jibddou Exlgv,77.5,67.0,95.0,51.0,83.0,71.0,74.625,B
346,346,ngjvetovdg@school.edu,1345984804,Iotab Cwbywmpt,78.5,68.4,99.0,70.0,100.0,94.0,85.615,A+
347,347,sbiuvtbk@school.edu,2727001983,Qgtsyvrjt Eizucxit,75.875,77.0,99.0,95.0,85.0,91.0,86.71875,A+
348,348,tfywcxitwwr@school.edu,6167256568,Cqlaomo Qjahbwcrm,87.125,72.2,92.0,100.0,59.0,81.0,82.85125,A
349,349,yydhyzacm@school.edu,8530881417,Gobeukx Jwmswzkj,84.875,75.8,57.0,88.0,51.0,88.0,75.79875,B
350,350,wkqggm@school.edu,2314742036,Aviwhmcyc Gkbhpqwwv,69.25,88.0,66.0,93.0,60.0,95.0,77.9625,A-
351,351,bwjrwql@school.edu,7642732110,Boxgtult Tfasd,72.5,82.2,86.0,56.0,50.0,80.0,71.145,C+
352,352,ycyfsrcwc@school.edu,1261079199,Lmspo Ivbvf,81.125,82.8,93.0,51.0,52.0,84.0,74.76125,B
353,353,sxhtp@school.edu,7197083614,Uhamammq Aicdzit,72.75,71.0,70.0,96.0,78.0,61.0,74.0875,B
354,354,niqqwamwwzjap@school.edu,6967969752,Iyouewv Wrpjamco,82.5,84.8,97.0,53.0,61.0,60.0,72.755,C+
355,355,pcwapcnd@school.edu,9036310786,Lrxjfncb Pnlkjmj,71.375,63.6,100.0,69.0,90.0,51.0,73.25375,B-
356,356,nhjzv@school.edu,1262799918,Nzdphbvtw Mqdruioj,75.0,86.8,99.0,56.0,61.0,64.0,72.63,C+
357,357,tidmambixm@school.edu,6308113935,Ldhzjplnp Wmppjndrt,88.375,77.6,65.0,89.0,59.0,57.0,73.20375,B-
358,358,fpautf@school.edu,2290532281,Sneagxnbv Kheykddf,78.25,86.6,97.0,97.0,90.0,75.0,85.8225,A+
359,359,iryctz@school.edu,9350069648,Gtzrr Sybnel,80.875,77.8,61.0,80.0,77.0,77.0,76.09875,B+
360,360,dneqel@school.edu,2849184486,Gtxitfmh Wafsfmmlj,78.5,70.6,53.0,56.0,96.0,52.0,67.835,D+
361,361,pwfhmvzz@school.edu,7526208751,Nbqadtn Ctxnewxnmg,79.125,86.2,73.0,63.0,86.0,65.0,74.70125,B
362,362,zggliizmdg@school.edu,6288346519,Hcymvfuxw Vzurtqo,78.375,83.8,73.0,76.0,77.0,66.0,75.07375,B
363,363,vemtvol@school.edu,2496433708,Mziiiplcw Nlmicywbwc,78.0,75.6,50.0,83.0,72.0,54.0,68.61,D+
364,364,ftfnpg@school.edu,4154181574,Dfyfwsfi Sauthzupdw,83.5,83.6,83.0,54.0,60.0,70.0,72.785,C+
365,365,peqixhzpm@school.edu,8052368445,Chdlgim Nwjrxb,82.375,76.6,64.0,89.0,65.0,70.0,74.95375,B
366,366,guyedfwmkvxho@school.edu,9427203822,Tdrvtmax Hbcjhp,77.875,79.2,79.0,87.0,63.0,93.0,80.33875,A
367,367,pmpuwywyy@school.edu,2513511095,Swnlau Kgybmkpyvx,79.75,86.8,90.0,77.0,100.0,54.0,79.4675,A
368,368,fivvzsyubifu@school.edu,5549381608,Hjdpain Rnjdkdd,80.375,87.2,71.0,52.0,71.0,52.0,68.31375,D+
369,369,jpjdiaapi@school.edu,9662423547,Ivktusih Mdwrx,80.25,78.2,73.0,94.0,83.0,58.0,76.9825,B+
370,370,dzlmlhfqi@school.edu,3680535627,Czxplku Rlfgmgs,72.5,85.2,75.0,63.0,62.0,51.0,66.845,D+
371,371,gysfxvvlvroa@school.edu,2965702667,Zavpbvzz Qirppqgvn,81.875,85.4,76.0,53.0,57.0,60.0,68.90875,D+
372,372,sxxsiwmhv@school.edu,8289747096,Cqugzlxuov Qfvwv,70.875,75.6,84.0,55.0,64.0,58.0,67.32875,D+
373,373,cmdkvfcvo@school.edu,3659627462,Gdhmly Jihnkdme,73.375,73.8,75.0,89.0,65.0,82.0,76.47375,B+
374,374,xunhqirmmyq@school.edu,6625985475,Tsarfkslrl Pnyfb,74.125,71.8,91.0,60.0,75.0,54.0,70.41125,C
375,375,wewxfgo@school.edu,3246463460,Rmdow Rpuvyxgvts,83.625,71.0,65.0,52.0,50.0,61.0,65.25625,D+
376,376,aiqmdx@school.edu,5642215037,Vsbhvjxq Dcdlxsxvse,78.25,80.2,84.0,90.0,52.0,97.0,80.8825,A
377,377,quxzatdp@school.edu,6462855281,Wtptmh Saojakekfm,76.75,79.0,89.0,72.0,65.0,55.0,71.9875,C+
378,378,gahgx@school.edu,3459236157,Vovwieiyfs Hqphd,79.625,82.0,84.0,52.0,76.0,89.0,77.70625,A-
379,379,ligwzg@school.edu,9633421738,Arhlegcgo Ckbllpxmrx,86.375,69.0,99.0,72.0,56.0,86.0,79.74375,A
380,380,jbwlwlms@school.edu,5103672493,Hutvnygj Slqumciem,84.5,81.4,97.0,57.0,74.0,91.0,81.665,A
381,381,whdce@school.edu,7231130462,Wrqoedwczx Smwmfh,86.875,82.4,80.0,88.0,91.0,58.0,80.40875,A
382,382,uhisjsmicbnk@school.edu,2907821812,Mdqdyb Xxyismueu,72.125,75.0,75.0,54.0,88.0,50.0,68.08125,D+
383,383,qguexlvyaap@school.edu,5463769530,Ctvlxpfmas Synjdqbbk,84.375,70.6,84.0,95.0,63.0,98.0,84.05375,A
384,384,zhyjr@school.edu,7770711597,Jqtvvli Uvqartw,73.875,80.0,65.0,66.0,96.0,85.0,77.51875,A-
385,385,cszbippmuiw@school.edu,5158746706,Ldwadijcwt Erxeeflmiw,93.125,79.6,81.0,65.0,67.0,75.0,78.19125,A
386,386,ptgllbrkz@school.edu,9686399639,Satudgymib Dxrgfahfy,80.0,83.0,86.0,81.0,64.0,72.0,77.35,A-
387,387,copwcgxkfqu@school.edu,5437923819,Tpyqs Blbwvlhz,84.0,87.8,66.0,80.0,69.0,64.0,74.83,B
388,388,yzhfadlmwa@school.edu,1996298832,Dzndjd Icogyg,81.375,82.6,76.0,75.0,100.0,59.0,78.05375,A
389,389,nxffb@school.edu,2629931544,Sftepzoqnw Tkbdbfwab,72.125,83.2,73.0,96.0,59.0,53.0,71.15125,C+
390,390,jykgrln@school.edu,6106689866,Ftstjkz Usgznn,85.125,77.2,71.0,81.0,56.0,96.0,79.40125,A
391,391,levjvhnfw@school.edu,8927668309,Hxdhtewd Jbpvblxsks,84.25,78.8,66.0,81.0,82.0,84.0,80.0925,A
392,392,exnnwissrn@school.edu,2133736828,Dipklkd Ouhgd,84.875,75.0,73.0,99.0,82.0,50.0,76.81875,B+
393,393,hqzsfweg@school.edu,6062527906,Lyilqwdky Nbfjs,83.625,78.8,84.0,70.0,65.0,63.0,74.23625,B
394,394,dmbuab@school.edu,9467984594,Zojrojjfmw Ugunvalewb,82.875,85.2,66.0,67.0,92.0,74.0,77.78875,A-
395,395,uezphgpgbslxj@school.edu,3469212953,Tihfmikjgy Wusfv,79.25,68.6,66.0,54.0,50.0,84.0,68.9725,D+
396,396,nzzxkulhfjm@school.edu,7532416168,Bnapferh Omwjkcloi,80.875,80.2,51.0,58.0,80.0,70.0,70.58875,C
397,397,gcysbuf@school.edu,4185236206,Devthkfbg Ogbqt,73.75,79.2,87.0,56.0,56.0,67.0,69.6075,C-
398,398,hqhvmny@school.edu,6692204593,Tlcrhv Xhiocfmeem,87.0,88.8,95.0,73.0,73.0,86.0,83.98,A
399,399,eifeqa@school.edu,9642376948,Wnztfiov Mgcpzebpbx,67.5,76.2,79.0,52.0,75.0,72.0,69.795,C-
400,400,baxkutzwn@school.edu,1574251982,Hpdwj Qiaiu,82.25,76.0,89.0,57.0,54.0,61.0,70.3625,C
401,401,eegiyuvl@school.edu,6580107929,Ebtwvguki Tcgbfzugcv,76.375,72.2,60.0,59.0,85.0,72.0,71.31375,C+
402,402,siiufbutg@school.edu,9914367809,Rudqvzyaog Ntuiyypel,79.25,87.6,87.0,82.0,85.0,74.0,81.4725,A
403,403,zeroqicmmab@school.edu,4901317138,Aizdfcfm Zalff,81.375,78.6,58.0,86.0,90.0,53.0,73.90375,B-
404,404,zflpjlcug@school.edu,3704606147,Xuddwwaz Sjqaenmvc,67.75,75.4,72.0,89.0,87.0,70.0,75.6775,B
405,405,tkwgo@school.edu,2348609533,Oxdnygnvk Jpbtrh,89.5,66.0,53.0,100.0,96.0,79.0,82.125,A
406,406,qwxvb@school.edu,5648583440,Pprtgmhnz Qpflpwfitu,81.375,89.8,95.0,96.0,61.0,66.0,80.32375,A
407,407,xtytfz@school.edu,7117216464,Osudugqq Eoexciee,86.625,65.6,94.0,84.0,98.0,51.0,79.81625,A
408,408,ffmhvvhw@school.edu,4383983656,Khckv Anhdkkye,82.5,76.0,55.0,81.0,58.0,62.0,69.725,C-
409,409,qrydycl@school.edu,1798617880,Ahyasxi Fordyzks,73.375,76.4,72.0,95.0,55.0,99.0,79.08375,A
410,410,efwcjleuhnb@school.edu,5929037705,Snraxjll Yxseiqv,80.875,89.4,82.0,100.0,55.0,84.0,81.50875,A
411,411,rzpfhnmsrehil@school.edu,6115616252,Egqitibfma Cqxaq,82.75,83.4,93.0,60.0,61.0,79.0,76.9275,B+
412,412,pbxbxdhaxg@school.edu,2311921483,Ewqrj Qhurkres,83.375,79.8,61.0,58.0,85.0,76.0,74.62375,B
413,413,addmnh@school.edu,2378475135,Fvktgeed Mmlrnl,76.0,81.0,66.0,84.0,81.0,59.0,73.55,B-
414,414,irscaamrfm@school.edu,4567503337,Wwqxeozjr Bxqokls,78.0,84.2,87.0,67.0,76.0,91.0,80.62,A
415,415,denkmtkkts@school.edu,7061119849,Eboxtid Uxfxcmta,68.375,86.6,76.0,58.0,78.0,56.0,68.75375,D+
416,416,vqyvlxhjqgowh@school.edu,5945041326,Krmohawhuh Iqcau,79.5,75.4,62.0,91.0,61.0,93.0,78.115,A
417,417,uheynxsbj@school.edu,6877610494,Xnrttx Qzoedgi,78.875,79.6,53.0,63.0,71.0,97.0,75.12875,B
418,418,wcdubrcskbh@school.edu,3677837369,Yxrulmcfp Ffgsghdy,75.375,75.4,76.0,63.0,62.0,56.0,67.73375,D+
419,419,ponsln@school.edu,1357026741,Kmpovzuaa Dawakp,85.625,68.6,63.0,81.0,99.0,94.0,83.51625,A
420,420,pakktaynlitrx@school.edu,8180780705,Wvepuks Qafdlpgj,75.25,85.4,58.0,75.0,74.0,87.0,75.8025,B
421,421,eyrjhxjs@school.edu,4609626600,Lwyhask Vfnbxegu,78.75,85.2,91.0,84.0,74.0,67.0,78.9575,A
422,422,krkzxboqe@school.edu,4462187107,Ymwnmicj Lotqzpy,86.875,73.6,88.0,70.0,91.0,51.0,76.62875,B+
423,423,xhmvjvm@school.edu,6902010466,Yvrmiqdgle Ncdux,76.25,77.0,84.0,52.0,70.0,92.0,76.0625,B+
424,424,mpoaafpkj@school.edu,7661850107,Wtqwvo Qthgpg,78.375,69.8,94.0,88.0,77.0,66.0,78.62375,A
425,425,rvqthytktzbzk@school.edu,5604601133,Uzqqbk Czixt,82.0,90.8,91.0,90.0,79.0,89.0,86.38,A+
426,426,obpwp@school.edu,7321037876,Hbixbl Ixpepkxzi,76.125,76.6,87.0,66.0,54.0,98.0,77.34125,A-
427,427,nejfverumwiys@school.edu,4008008953,Dkjzssec Gydrz,81.5,69.4,92.0,76.0,64.0,70.0,76.115,B+
428,428,pokulcnxzfv@school.edu,9139565869,Uuzpu Dsevrsirp,71.375,74.2,99.0,81.0,76.0,51.0,73.86375,B-
429,429,pbxhbtitqo@school.edu,6653797634,Guojenjwcj Bbsrill,81.875,79.8,93.0,52.0,53.0,60.0,70.14875,C
430,430,moqpfkuethje@school.edu,7077530018,Yhwmoa Nhnny,78.0,78.4,90.0,72.0,58.0,73.0,74.94,B
431,431,qxcifggyy@school.edu,7067801638,Upwnkke Djtea,86.0,84.0,72.0,57.0,51.0,74.0,71.7,C+
432,432,dguzfuc@school.edu,2332469809,Oizacohch Oynxvxaeqq,77.375,79.4,55.0,52.0,59.0,82.0,68.58375,D+
433,433,cospmjmsrbdk@school.edu,5219122508,Xkcjhlhlv Bwovwnqjn,79.125,80.0,65.0,79.0,56.0,77.0,73.18125,B-
434,434,xfuiclfio@school.edu,9650330024,Ufqrrgv Svtjate,78.125,74.4,63.0,96.0,67.0,69.0,74.67125,B
435,435,ecouxmjfwzlp@school.edu,4602007624,Vvokbcyoe Aclghlt,80.375,77.0,66.0,97.0,77.0,99.0,83.59375,A
436,436,wnyssasgzi@school.edu,6891665828,Dbcvoepl Faoncsmnkv,86.875,74.0,70.0,92.0,87.0,92.0,84.86875,A
437,437,ewszh@school.edu,2340365931,Wizswg Xlzzw,80.375,72.6,59.0,90.0,98.0,95.0,83.40375,A
438,438,vwgwp@school.edu,3175408418,Jhjfg Nwcfi,76.625,73.6,70.0,99.0,66.0,77.0,77.16625,A-
439,439,eiuhlzkceqdr@school.edu,7431170454,Ibhtxrflng Ndyiatf,70.375,78.4,69.0,59.0,61.0,100.0,73.78375,B-
440,440,zyoflkhpezuzg@school.edu,7215177132,Vgxwru Wyasw,83.125,81.2,72.0,57.0,53.0,50.0,66.20125,D+
441,441,pbdoynme@school.edu,3947868467,Djqbphwn Onovwiphwe,85.5,64.4,77.0,63.0,100.0,88.0,81.415,A
442,442,pmdgq@school.edu,3250624681,Ainncc Tmfpum,79.125,74.2,73.0,75.0,76.0,81.0,77.00125,A-
443,443,wkyqdmxyj@school.edu,1369531765,Vybwtdnr Xzqsyss,72.5,75.0,79.0,50.0,51.0,78.0,68.225,D+
444,444,ahmuhewcts@school.edu,3498137068,Eznwp Pdjrirb,85.75,82.0,54.0,79.0,86.0,78.0,78.0875,A
445,445,oendwrn@school.edu,9172674105,Lptgloyev Zqiaiwisog,75.375,81.2,84.0,81.0,99.0,57.0,77.96375,A-
446,446,dyroqimxlx@school.edu,8508314402,Cysoz Nejszgih,80.75,76.0,83.0,88.0,100.0,81.0,84.6375,A
447,447,slfdasj@school.edu,3852307991,Ficispzcjq Uzwyjstbm,75.75,85.6,76.0,50.0,88.0,82.0,75.9975,B
448,448,dsggabcw@school.edu,3163685630,Vgbeptehl Tvdslrgep,78.875,80.4,100.0,52.0,56.0,74.0,73.75875,B-
449,449,jcvkonsztaiu@school.edu,2471284962,Dfqxe Rcjpqzfpwa,83.0,84.2,68.0,92.0,71.0,86.0,81.02,A
450,450,iteimriohgk@school.edu,4181575810,Zylojjsyx Iaphakw,84.375,78.2,79.0,58.0,83.0,73.0,76.51375,B+
451,451,ixzuklo@school.edu,1650919265,Hxfssciq Aovhgck,80.25,90.8,59.0,77.0,81.0,53.0,72.2925,C+
452,452,wektyuh@school.edu,9585741565,Usyavtjt Owuaiica,88.125,74.2,55.0,52.0,71.0,80.0,72.15125,C+
453,453,gzqzbemsbim@school.edu,3673902550,Gqcqtaruzg Qyvxese,75.875,76.0,58.0,91.0,98.0,81.0,79.81875,A
454,454,pguhpeerbkcwv@school.edu,5353810287,Sbjvzilp Eexuhh,84.0,79.2,70.0,54.0,81.0,96.0,78.87,A
455,455,nedmaatz@school.edu,6159169319,Qfrtzykss Uxjco,83.0,73.0,88.0,98.0,59.0,89.0,82.6,A
456,456,azzmtqikf@school.edu,8950964395,Bfpgraxjg Uwtdsfgfv,80.625,75.2,97.0,59.0,61.0,56.0,71.42625,C+
457,457,jdmlqwp@school.edu,6891852639,Kujvqifa Xdkilkijxg,65.625,69.2,79.0,70.0,94.0,86.0,76.97625,B+
458,458,jdosjwyyam@school.edu,6443716003,Vpvtn Bwihloa,71.125,82.2,84.0,84.0,84.0,70.0,77.80125,A-
459,459,tnwroyuvdtsa@school.edu,5914554448,Bhkuf Nrimrnbz,81.875,71.4,65.0,67.0,67.0,67.0,70.85875,C
460,460,qilrob@school.edu,8226939123,Oxxwrec Bhvhbinki,83.0,76.8,67.0,94.0,74.0,80.0,79.68,A
461,461,hjkcq@school.edu,3525241612,Hlgncnsjz Ojgyaytg,86.625,84.2,55.0,78.0,80.0,94.0,80.82625,A
462,462,nygerektaiq@school.edu,7260674592,Vlggrrvc Tcamqprpmg,78.25,82.2,93.0,69.0,70.0,80.0,78.5825,A
463,463,zgdqisdl@school.edu,4954751839,Noydq Wfkcvvk,80.875,86.0,76.0,88.0,67.0,59.0,75.26875,B
464,464,tgjzafxc@school.edu,1399854126,Maaxhboclo Naoki,78.375,81.4,62.0,60.0,78.0,73.0,72.33375,C+
465,465,weenqghmtnz@school.edu,9017142798,Syvqahsrap Lfzntx,75.625,68.2,75.0,66.0,68.0,65.0,70.07625,C
466,466,strtnfbz@school.edu,4218450872,Hirliumwai Jsfwq,77.25,59.8,98.0,80.0,74.0,75.0,78.0925,A
467,467,axgdjflfqkz@school.edu,8065387807,Gjwuoxh Oxkshjyrr,72.875,67.8,80.0,68.0,73.0,65.0,71.14875,C+
468,468,kynjlmgwqb@school.edu,5256832831,Qsttnt Kgwagbfldb,79.5,77.2,99.0,100.0,90.0,99.0,90.745,A+
469,469,dwlymerclsk@school.edu,1561391036,Ewzydvnsm Achqwngiu,84.625,83.4,68.0,62.0,66.0,88.0,76.49625,B+
470,470,qdnowc@school.edu,5308078558,Flvbflbocn Eumjd,83.875,76.2,82.0,73.0,99.0,72.0,81.08875,A
471,471,feeol@school.edu,7961422307,Mhgmctuuwt Blwwix,84.75,79.8,98.0,91.0,92.0,65.0,84.3175,A
472,472,nkzfhtgwx@school.edu,5351686902,Cjewxew Ysubvdcd,86.5,85.0,86.0,99.0,71.0,80.0,84.525,A
473,473,zkqoq@school.edu,8745461918,Dtqfsv Iqxkwpp,76.125,74.8,70.0,73.0,86.0,66.0,74.06125,B
474,474,jswlvvnwnspa@school.edu,5598782083,Dejlbvmdcw Vsvvnr,71.25,81.6,78.0,60.0,56.0,80.0,71.0725,C+
475,475,xjjcnb@school.edu,7881487487,Sapnmfil Kmkxtwxtt,76.25,80.2,87.0,93.0,97.0,96.0,87.8325,A+
476,476,yfksrobombcya@school.edu,2482418213,Fboiahzw Irklgo,88.875,86.6,98.0,86.0,100.0,60.0,85.47875,A+
477,477,nysuqg@school.edu,7473905110,Hkype Txqgvcgb,82.25,76.2,86.0,73.0,85.0,72.0,79.1825,A
478,478,plsuu@school.edu,8404478754,Temac Vugvhkx,83.375,89.2,66.0,61.0,94.0,85.0,79.91375,A
479,479,nfeck@school.edu,4832432701,Ksiyr Ouqlqwqo,85.5,72.2,76.0,69.0,81.0,82.0,78.895,A
480,480,lwahashevvr@school.edu,8221622760,Xsdmhhy Ejelijdddo,71.375,79.6,99.0,55.0,62.0,55.0,69.20375,C-
481,481,isrnazkytyslf@school.edu,6419054703,Vhhjk Krnfulqr,78.625,87.8,72.0,89.0,65.0,50.0,72.33625,C+
482,482,hfxiydjmpxw@school.edu,8266814232,Iqqbe Xefmquist,79.5,74.2,90.0,100.0,95.0,69.0,83.845,A
483,483,qlywoktbpbo@school.edu,1345848417,Jejafhwj Jyaxfk,80.625,75.2,54.0,63.0,82.0,86.0,74.72625,B
484,484,jdway@school.edu,4620971968,Hnfnicjs Wkjrklmp,73.75,69.8,93.0,81.0,68.0,56.0,72.9175,C+
485,485,vofmqytaalxqy@school.edu,1807152282,Mbopylf Zdlioho,76.125,67.0,62.0,53.0,98.0,76.0,72.88125,C+
486,486,vptbxdmahi@school.edu,3728044676,Hmrlmm Njsldipqrv,75.625,73.4,72.0,83.0,90.0,56.0,74.19625,B
487,487,wjdzrsrsne@school.edu,7837132780,Ubifqz Vjuogvtbt,87.875,78.8,88.0,95.0,81.0,75.0,84.44875,A
488,488,uldjfzn@school.edu,7090737384,Lxivibblhe Ztbuv,77.75,71.6,87.0,54.0,81.0,55.0,70.8975,C
489,489,jyviedrfyb@school.edu,9750730543,Pzwlqgbonp Rzptbp,82.375,66.6,80.0,82.0,94.0,58.0,77.25375,A-
490,490,gfyzq@school.edu,1579961881,Cejqxldh Ucopuyi,82.875,80.0,77.0,95.0,100.0,95.0,88.51875,A+
491,491,brtnnlam@school.edu,7638110626,Npqwn Rfannjlkf,79.625,90.0,86.0,88.0,62.0,91.0,82.50625,A
492,492,qagqz@school.edu,1455981107,Ccdibg Wwpqfalq,78.25,78.4,72.0,61.0,64.0,77.0,72.3525,C+
493,493,mzeedghxiw@school.edu,5738876486,Qmpnyk Ncxdn,77.875,80.0,59.0,56.0,76.0,52.0,66.51875,D+
494,494,mrfjism@school.edu,7990754692,Wxgamnprmi Ujdfahmuiq,72.625,76.8,56.0,75.0,81.0,67.0,71.03625,C+
495,495,pdiuxgl@school.edu,5754654601,Femyg Owoyh,75.0,77.2,96.0,55.0,91.0,95.0,81.77,A
496,496,ckgfl@school.edu,5726277581,Gnufgp Ehiojilkng,91.5,88.0,98.0,90.0,58.0,87.0,85.975,A+
497,497,lgkljvuwweyi@school.edu,2177531994,Xhsnyfva Lredcbpyiq,83.75,67.0,93.0,64.0,78.0,62.0,75.2875,B
498,498,beggwqo@school.edu,2244937331,Bzashvmvk Fpfyce,83.25,77.2,61.0,93.0,51.0,86.0,76.4825,B+
499,499,akzwjdjxf@school.edu,8281341377,Onywen Rxlpe,82.125,68.8,58.0,92.0,100.0,73.0,79.51125,A
500,500,slcmfwbamurqe@school.edu,3448339583,Trgwcvt Rdaetktz,78.25,77.2,59.0,67.0,69.0,94.0,75.3325,B
501,501,shvkeu@school.edu,3523054469,Eaeqlhlox Ycbeplnfw,84.25,66.6,52.0,98.0,61.0,94.0,78.1725,A
502,502,qidpmhbzpdhj@school.edu,5211733144,Mjsrfdvbe Basyfm,74.375,85.0,60.0,93.0,98.0,83.0,81.34375,A
503,503,atephsmz@school.edu,1297991309,Qggfnogza Hlvdggqi,80.875,73.8,93.0,96.0,82.0,52.0,78.64875,A
504,504,fsshbm@school.edu,5847426600,Ulkexutvmf Cvpqcgbhw,79.125,74.4,75.0,96.0,93.0,50.0,76.82125,B+
505,505,juiepvtbknpfn@school.edu,7675718853,Ujqjg Knuxu,83.375,73.6,77.0,92.0,83.0,80.0,82.00375,A
506,506,emkkgprqt@school.edu,3296100407,Udyff Ikzhsztdkw,80.75,71.6,53.0,83.0,57.0,80.0,72.2975,C+
507,507,txiaucmqrvpeb@school.edu,1923163605,Obygktxx Zqaafrntu,80.625,73.2,87.0,93.0,93.0,56.0,79.62625,A
508,508,ypgtsi@school.edu,5096659334,Swyuqsyh Azxibje,88.625,79.6,85.0,82.0,50.0,80.0,78.66625,A
509,509,pierczdocuqjj@school.edu,8499130701,Rtxxuceex Vpkuio,79.125,74.6,56.0,100.0,75.0,81.0,78.09125,A
510,510,lqfdtcyvy@school.edu,4331071202,Zoacxpipr Zvyupxnvb,80.0,88.4,93.0,62.0,74.0,65.0,76.19,B+
511,511,deztupngt@school.edu,2681039542,Zwflfpvi Rhsrn,83.0,78.2,56.0,76.0,68.0,86.0,75.77,B
512,512,kdehnfpegoc@school.edu,4177615113,Lajipyfc Xvxcu,75.375,84.8,78.0,60.0,84.0,78.0,76.22375,B+
513,513,jbqeomd@school.edu,6937598887,Tvcukvfgod Yqqihxxmi,80.25,78.4,61.0,92.0,55.0,52.0,69.5025,C-
514,514,efzqrlggd@school.edu,5321123594,Lnbjkjp Zajgig,76.0,88.8,95.0,60.0,96.0,75.0,80.53,A
515,515,bnbfbpzkw@school.edu,9178418077,Pkfqgvyd Qicunxgeyp,80.125,81.4,78.0,75.0,70.0,80.0,77.62125,A-
516,516,szxfyqpyvwro@school.edu,5609706485,Pajpjw Oppsspv,77.5,85.8,84.0,96.0,53.0,61.0,75.105,B
517,517,qarhaujqf@school.edu,6021423721,Ktshq Ktjntbq,86.0,78.0,65.0,57.0,79.0,79.0,75.25,B
518,518,jqegsjzymz@school.edu,8128567027,Aefvag Weeuu,78.0,79.6,52.0,55.0,88.0,84.0,73.51,B-
519,519,wwxxrassoauo@school.edu,9186929632,Stiqorot Bcozwbxkg,76.25,81.6,66.0,66.0,94.0,82.0,77.5225,A-
520,520,twifbpldnr@school.edu,9250867410,Dafhczhglj Aucatqj,81.125,77.8,54.0,51.0,71.0,75.0,69.46125,C-
521,521,rusbwhmwr@school.edu,2668770183,Yizyv Yxrqxxor,72.375,77.8,74.0,63.0,68.0,65.0,69.62375,C-
522,522,remaixiec@school.edu,6954354196,Xglxsncpr Qsozzpd,79.875,84.6,61.0,88.0,59.0,63.0,72.22875,C+
523,523,snnqufryinfo@school.edu,1001884087,Jmbuetfok Kvnsmqh,78.375,74.4,87.0,94.0,55.0,52.0,72.83375,C+
524,524,nymuvxhl@school.edu,6488170038,Lmwlewivmh Mymfojy,81.5,69.0,94.0,79.0,96.0,78.0,83.225,A
525,525,uxyshjjpvfhew@school.edu,3156624748,Advvnhf Yxforzs,80.75,64.6,74.0,63.0,56.0,88.0,73.1975,B-
526,526,oqbfmui@school.edu,3318031388,Tzgqi Qlrdvvoge,78.125,74.2,82.0,78.0,52.0,93.0,77.35125,A-
527,527,mniok@school.edu,6626607972,Dthzy Oejii,86.875,62.8,73.0,51.0,53.0,79.0,70.34875,C
528,528,uslwmq@school.edu,3835883690,Aupwbq Xakffyufeb,77.25,81.6,62.0,88.0,52.0,69.0,71.5725,C+
529,529,ezbrrwu@school.edu,5546896102,Sjwecb Suxnxb,89.125,76.8,77.0,81.0,73.0,72.0,79.01125,A
530,530,xwauykgkv@school.edu,9839119624,Flhpyrd Wzskkmkhi,80.5,70.0,70.0,78.0,78.0,71.0,75.225,B
531,531,tquby@school.edu,6969345877,Eqyxb Nvwxzs,71.5,75.6,87.0,68.0,54.0,87.0,74.185,B
532,532,rnnoieljplw@school.edu,6584816709,Ixebu Wafkmfe,78.5,79.6,59.0,80.0,54.0,73.0,71.135,C+
533,533,yyjwfl@school.edu,8251986225,Ouyijapbr Exukkpam,81.5,82.8,97.0,53.0,55.0,76.0,74.605,B
534,534,wtjdflzxlco@school.edu,2692600557,Peulxoun Hvphnkxu,74.125,85.6,64.0,60.0,81.0,66.0,71.04125,C+
535,535,frpjmxwxaif@school.edu,6951558747,Maeyell Lkddh,82.25,82.2,78.0,62.0,74.0,94.0,79.6825,A
536,536,idrezkn@school.edu,8532850400,Yfchlfc Ovhvcn,78.5,75.0,73.0,85.0,89.0,75.0,79.175,A
537,537,nprgdemvmuah@school.edu,3640130913,Shpkkmb Jvipsydqc,74.375,85.0,86.0,94.0,94.0,87.0,85.59375,A+
538,538,rboodgkpoz@school.edu,8960085708,Dlrtiqhql Ctksdviua,78.375,84.6,100.0,97.0,66.0,94.0,86.30375,A+
539,539,odejqfzrpjflu@school.edu,9997280644,Zzjwjmnoaa Kpefqyk,79.5,75.2,64.0,56.0,83.0,97.0,77.245,A-
540,540,naooxl@school.edu,9431684791,Ptmgvodogy Witbpdfq,74.875,76.0,98.0,56.0,68.0,59.0,71.41875,C+
541,541,jhdebcmp@school.edu,1367023684,Oaakjfzvd Pphsfp,83.0,84.2,66.0,100.0,56.0,80.0,78.47,A
542,542,cvclscdxzff@school.edu,3345892430,Onshur Nycfwuc,77.75,88.4,81.0,65.0,60.0,64.0,71.9775,C+
543,543,jiwziwldnm@school.edu,8081362564,Hcnask Rgjvgc,85.5,75.0,54.0,89.0,50.0,72.0,72.225,C+
544,544,ehurwnrolsxtp@school.edu,1270993262,Tulno Zkseobancx,82.75,74.4,66.0,58.0,82.0,53.0,69.6275,C-
545,545,iafwekbmv@school.edu,4767105522,Aedfjcqv Wmlhho,79.0,72.0,67.0,65.0,68.0,53.0,67.55,D+
546,546,wgcjdu@school.edu,4005338650,Depwdothyb Oiladm,87.25,81.8,50.0,61.0,80.0,59.0,70.4425,C
547,547,bnmoq@school.edu,6700941681,Ulbjvzze Ufpwq,79.75,78.8,64.0,99.0,50.0,79.0,75.5675,B
548,548,bxyupjfawjrvj@school.edu,8803688603,Vebmmqm Bldqmzkaue,81.0,79.6,56.0,69.0,66.0,85.0,73.86,B-
549,549,urzfnzuppbba@school.edu,8288363325,Pcqeye Rckmfeepb,79.0,82.8,67.0,96.0,76.0,55.0,74.88,B
550,550,qgehmagixe@school.edu,9373210313,Wxxeexvozz Vopydzi,80.875,86.4,71.0,95.0,60.0,93.0,81.35875,A
551,551,jwipbwmnskgmr@school.edu,9816922452,Ayrgod Pbhpr,72.125,59.8,61.0,63.0,64.0,92.0,70.61125,C
552,552,vqhgeaqc@school.edu,1499001491,Ifyzvi Ryyjd,80.25,76.2,66.0,80.0,98.0,83.0,80.8825,A
553,553,aazdaiadgbwkv@school.edu,2771705350,Wykjuhpwvt Amggj,77.375,77.0,90.0,89.0,92.0,86.0,84.89375,A
554,554,hijllc@school.edu,5169314738,Ypthxh Vvegtde,82.875,73.8,68.0,64.0,93.0,69.0,75.64875,B
555,555,sgmlidmestpf@school.edu,3638609631,Agjzijmt Hvovukffp,84.5,85.4,72.0,99.0,66.0,53.0,75.815,B
556,556,ybpbjbxfqmmke@school.edu,8907385110,Ezprg Eerhnev,79.25,75.8,54.0,75.0,70.0,56.0,68.4425,D+
557,557,picbeuaymphm@school.edu,3208182792,Axjhsszfvj Sucuzcrb,79.75,78.0,50.0,69.0,75.0,98.0,76.4375,B+
558,558,lldxr@school.edu,1529217396,Ogqqk Laufhb,77.0,91.0,86.0,90.0,57.0,62.0,75.7,B
559,559,cdbaqgmvg@school.edu,9391794680,Hcmcfbn Bgahbocgw,84.125,85.0,82.0,57.0,90.0,79.0,79.68125,A
560,560,depco@school.edu,9748389792,Qstrahq Pvizyhijwp,78.625,79.2,83.0,58.0,78.0,70.0,74.42625,B
561,561,qtypijdqoyj@school.edu,3428782584,Middh Dxnealvzb,78.875,78.6,67.0,68.0,75.0,84.0,75.87875,B
562,562,earajpvknnbi@school.edu,7945544059,Edvhnwd Ncgkuz,82.5,77.8,75.0,62.0,78.0,56.0,71.855,C+
563,563,nofhkqvvb@school.edu,2585537268,Vpmkcpfplh Vsmmxp,85.125,71.0,81.0,66.0,56.0,62.0,71.23125,C+
564,564,jzqnprit@school.edu,7911881459,Xrvrwbtkq Omvodlbpi,78.25,80.2,77.0,62.0,63.0,79.0,73.6825,B-
565,565,cewnb@school.edu,2338115131,Atcesv Zcvmxenj,74.125,76.4,69.0,91.0,77.0,76.0,76.92125,B+
566,566,ughlkilponqa@school.edu,2414482712,Eyfdddj Lvdka,75.25,74.2,62.0,73.0,51.0,93.0,72.7325,C+
567,567,lyyjan@school.edu,6186866552,Qhxbby Azianfj,75.125,73.6,72.0,100.0,68.0,86.0,79.34125,A
568,568,evrqlwt@school.edu,2628869750,Xyqgeg Sibzziwouh,89.75,77.2,59.0,64.0,76.0,50.0,70.0075,C
569,569,uyvky@school.edu,6196229297,Luaadodq Ehrchdjn,73.875,73.4,65.0,72.0,61.0,88.0,73.10875,B-
570,570,ltzljrf@school.edu,9407504368,Mxnscici Zzrntjp,83.0,81.2,100.0,72.0,63.0,86.0,81.32,A
571,571,zsvafybhyptd@school.edu,3338681258,Ihgrtqc Fzdmwt,80.25,85.2,69.0,92.0,76.0,59.0,75.9325,B
572,572,bjgtnydcrf@school.edu,8965129284,Bmmfhfoko Ityqpnqeml,66.375,79.2,57.0,88.0,64.0,98.0,75.46375,B
573,573,tbevdotx@school.edu,2460705364,Czbii Cgvos,77.125,70.8,76.0,59.0,59.0,52.0,65.86125,D+
574,574,upxawkpz@school.edu,1650907367,Nodypi Frltwtj,80.125,80.2,62.0,51.0,51.0,53.0,63.25125,D+
575,575,wostjvi@school.edu,3068798143,Wubyv Ivmmevzfx,78.5,62.4,84.0,72.0,77.0,58.0,72.415,C+
576,576,crpbpgwqd@school.edu,4697590067,Ttmauxky Ghjjunc,91.25,87.0,96.0,51.0,50.0,69.0,74.8625,B
577,577,ipzmgpjcvktmv@school.edu,9403869445,Jxmmgoyn Twimbah,86.375,82.4,56.0,56.0,91.0,50.0,70.28375,C
578,578,oofdcoxkflan@school.edu,1827917811,Rozectiabb Klprvatnq,80.25,80.4,82.0,50.0,76.0,76.0,74.5025,B
579,579,jdlupr@school.edu,9679284199,Mrhfqik Jqzipqitod,90.375,82.2,71.0,84.0,91.0,50.0,77.71375,A-
580,580,egraerkbgueeb@school.edu,1034054271,Jzllh Xiqahuj,83.375,77.0,72.0,52.0,98.0,68.0,75.44375,B
581,581,fbtjrksqbsri@school.edu,1293366666,Mujxljwgn Pthfxb,74.75,76.2,79.0,85.0,84.0,94.0,82.3075,A
582,582,pdohanmv@school.edu,1559162932,Apufejrpku Xrwvunver,76.75,73.4,92.0,86.0,58.0,69.0,75.7275,B
583,583,bmhyci@school.edu,4501569907,Opmbgke Yjrlsch,74.75,83.8,68.0,83.0,76.0,100.0,81.1175,A
584,584,mvvkwi@school.edu,3205162715,Mimfmuus Icabyx,78.375,68.0,79.0,85.0,68.0,57.0,72.59375,C+
585,585,gnuojvwcuuy@school.edu,2866138077,Crrmnlke Obxggrjr,73.0,81.0,68.0,97.0,64.0,50.0,70.7,C
586,586,jvlpkmr@school.edu,9678563580,Iczbwfanzv Ubdyae,76.0,74.4,72.0,73.0,72.0,86.0,76.19,B+
587,587,zabokaroyxjgo@school.edu,5043100107,Pwvhpwzr Fvjqnebe,76.125,91.6,95.0,82.0,70.0,95.0,84.24125,A
588,588,xhevfqcpyq@school.edu,1551730468,Muiesrc Mldqetgn,79.125,77.8,65.0,83.0,98.0,75.0,79.46125,A
589,589,kexwlujw@school.edu,3791696181,Aycizwm Atgcbls,81.875,81.6,55.0,94.0,91.0,76.0,79.82875,A
590,590,ahiewbvzefxx@school.edu,7054128013,Zkaelfykiv Lmbeso,85.0,85.0,52.0,75.0,95.0,87.0,80.45,A
591,591,bacgd@school.edu,7065479816,Lcvlntg Ppappw,88.125,83.2,59.0,89.0,91.0,84.0,83.00125,A
592,592,kvnhlytaycbt@school.edu,2013702645,Cxwxfq Jfsajfm,72.5,85.2,54.0,59.0,98.0,80.0,74.295,B
593,593,omnbhsneofxi@school.edu,2283181760,Ugfzgbb Bvippn,74.25,74.2,86.0,99.0,62.0,55.0,74.0325,B
594,594,turnluf@school.edu,5357517332,Gxhjcjhk Tfzynyg,83.375,67.6,96.0,68.0,65.0,78.0,77.55375,A-
595,595,eviakpflzwxf@school.edu,7069514140,Grgdttu Vdekoxvmo,78.75,88.4,76.0,84.0,70.0,87.0,80.4275,A
596,596,byuwppjcenm@school.edu,6829337365,Fyupxmo Vvodwg,77.75,68.6,52.0,85.0,66.0,53.0,67.3475,D+
597,597,dtulob@school.edu,4137283368,Tyfkzqgo Gknmqghd,82.5,81.6,87.0,98.0,86.0,60.0,81.435,A
598,598,tsshknbun@school.edu,5935063325,Xmqlyh Yrrwoyo,81.0,69.0,60.0,62.0,97.0,79.0,75.8,B
599,599,rmqvity@school.edu,8165896110,Jzrmfze Pyuncvt,82.625,67.0,74.0,67.0,53.0,74.0,71.25625,C+
